codice_prodotto,nome_capo,ordine,immagine_url
HEE-001,Adelaide,1,https://drive.google.com/file/d/1wEN_SUHJgl01ZAitHFCK8clqdpIbfr7u/view
HEE-001,Adelaide,2,https://drive.google.com/file/d/1hszl6ivxZSClp1ifTp85CiRDOaloOA56/view
HEE-002,Alaska,1,https://drive.google.com/file/d/1XdVbUjCwlUVSrxqIwsroSyNQ-HxpP6ix/view
HEE-002,Alaska,2,https://drive.google.com/file/d/1AgCgfrd1CQckasfcWsh46GAl92lekRb4/view
HEE-002,Alaska,3,https://drive.google.com/file/d/1PxIYnXgIpq7dy3O3Xv3_LZwBOZejisNz/view
HEE-002,Alaska,4,https://drive.google.com/file/d/18NyrH67A2jzUB7XBjfArgFBlhNs22scm/view
HEE-002,Alaska,5,https://drive.google.com/file/d/1WTksw0qsAxAsb4E0IPuM5BX6OFy00N96/view
HEE-002,Alaska,6,https://drive.google.com/file/d/10EHANwkmYrgHdqSUno1FPz91FiMwb2Kd/view
HEE-002,Alaska,7,https://drive.google.com/file/d/1GY8r40curl-7w1z0QD40Vv0I62IdYZVI/view
HEE-002,Alaska,8,https://drive.google.com/file/d/1kCuQTpj1xjCvOMHAlg92DxyFuOfLCVWV/view
HEE-002,Alaska,9,https://drive.google.com/file/d/1LBqG188AoHjvLsBnKH4krCyVj025eKR6/view
HEE-002,Alaska,10,https://drive.google.com/file/d/1uQYgrWczF1_zAEv-iV38GvevD_DBTeMm/view
HEE-004,Altea,1,https://drive.google.com/file/d/1sHt4ZrTws0WyZqGWvcMvqprusgmfFuf-/view
HEE-004,Altea,2,https://drive.google.com/file/d/1nsBX1LvUaDcD9l0RoXIi0Xhza4HeOZau/view
HEE-004,Altea,3,https://drive.google.com/file/d/1lAi6VGIaQ74V8sfnIsZZg_WWSO8mYcJi/view
HEE-004,Altea,4,https://drive.google.com/file/d/1U2j5P-deHqHLNVKFW40zrozeewc5eZc_/view
HEE-004,Altea,5,https://drive.google.com/file/d/1iJZ6hqniFEiuhC6o_X4bhX_itf-e--lR/view
HEE-004,Altea,6,https://drive.google.com/file/d/1qNHsfXUjzyrpvhUgIis9ayhI0Ewae2u7/view
HEE-004,Altea,7,https://drive.google.com/file/d/1ZCc73LSjBU-JGfaRxznYzVAJot9Ea24N/view
HEE-004,Altea,8,https://drive.google.com/file/d/1HW5mosfqUwU9QdTfzc5PqxSqTkHkmEzL/view
HEE-004,Altea,9,https://drive.google.com/file/d/1clWYULzHho0MqT3V9zMTONfZmM9mJ1zH/view
HEE-004,Altea,10,https://drive.google.com/file/d/10A4HY0R71u_5aI7CX6L03HDSnlehwmk5/view
HEE-004,Altea,11,https://drive.google.com/file/d/1fWoOPhPeurnHBJvKQ-EaVrnyLjrwIpYe/view
HEE-004,Altea,12,https://drive.google.com/file/d/1Lc2UrQRUserFVxscPlpNLHz43n87qWBb/view
HEE-004,Altea,13,https://drive.google.com/file/d/1Cql5nW_hnEJDGQajqLEqrO8lseAacExw/view
HEE-004,Altea,14,https://drive.google.com/file/d/1UO0xkm_bX9Zqq-FAqO9WgOIxcSGkxech/view
HEE-004,Altea,15,https://drive.google.com/file/d/1U6W43aruCCzrZ3Trlax4Feu6KM0TdvJo/view
HEE-005,Amalfi,1,https://drive.google.com/file/d/1lepfwKhfFv-ts2MUCKyUwiImWVWnCP0D/view
HEE-005,Amalfi,2,https://drive.google.com/file/d/1xE0cyNcWHZ3ftjlZUwYNy3iHyyTk14Wu/view
HEE-005,Amalfi,3,https://drive.google.com/file/d/1ebCMkSRTAZMik2OXGpQGL3Y_Pnnn2mGy/view
HEE-005,Amalfi,4,https://drive.google.com/file/d/1bQ46fWkh8U736kCLnugSW0kspK0Jm-Ft/view
HEE-005,Amalfi,5,https://drive.google.com/file/d/1BChGyG9oKfndT0T5hT6sHeH7-jtMS3hQ/view
HEE-005,Amalfi,6,https://drive.google.com/file/d/1GA6eGzJpKCmq2WOLgqcBKmNxqoT39OtB/view
HEE-005,Amalfi,7,https://drive.google.com/file/d/1lZCc7d5HLwE_EG_dUybDMGIK_6IRmeLp/view
HEE-005,Amalfi,8,https://drive.google.com/file/d/1q_J4ZGEc9RbFONyhKsp0n4p0Ru5X4Ev2/view
HEE-005,Amalfi,9,https://drive.google.com/file/d/139kiWRhs4CY7Rozv8IpXuGOk54s7cVIM/view
HEE-005,Amalfi,10,https://drive.google.com/file/d/1a1jl4JHv3zRVGLjwAGBgubIXdf_5Te-y/view
HEE-005,Amalfi,11,https://drive.google.com/file/d/1ukAnC81Atp8QIbJwHLafrnmLq4q0-1qr/view
HEE-005,Amalfi,12,https://drive.google.com/file/d/1HyH03rxYiFTDv-b8k2HMW8y5wJRMgqAc/view
HEE-006,Amsterdam,1,https://drive.google.com/file/d/1VMV3hZiVmcrG7fJ8bkceRRilS6xi7PQh/view
HEE-006,Amsterdam,2,https://drive.google.com/file/d/149tRHdJ-hqf9rXWh7ULQZbYX8SRWW9LA/view
HEE-006,Amsterdam,3,https://drive.google.com/file/d/1683-RZLYQWs_c2qrumtZfMOzOPyeqPEM/view
HEE-006,Amsterdam,4,https://drive.google.com/file/d/1IIiHeYRKTV_wSzjB5ts_X3FoNxTVI0Ye/view
HEE-006,Amsterdam,5,https://drive.google.com/file/d/1ozY6PnnLCS5XwWw7zo98JhMDFyS_6r0i/view
HEE-006,Amsterdam,6,https://drive.google.com/file/d/1BGjLBDfUYx7WnNwn47X5D7e1HC5HaZMH/view
HEE-006,Amsterdam,7,https://drive.google.com/file/d/1lhY-GqXEbN2k-JCKIVD_bU5jmeu3V-0B/view
HEE-006,Amsterdam,8,https://drive.google.com/file/d/1AWUkkS4rmGbg4Gx_0JtbOo_sBkLIRR4j/view
HEE-006,Amsterdam,9,https://drive.google.com/file/d/19r4r_rJ-z3ZNpSG37jx2VHNIm2q04nuh/view
HEE-006,Amsterdam,10,https://drive.google.com/file/d/1kj5smfHKuY28IfM2T1rSxpPF_ATQnHxE/view
HEE-006,Amsterdam,11,https://drive.google.com/file/d/15LQqqOC_rwwjqItomFleJYjLfNxy3DsK/view
HEE-006,Amsterdam,12,https://drive.google.com/file/d/1etf4Bdl7vXhhZEXO9JUnSulumvVRF4Dd/view
HEE-007,Argentina,1,https://drive.google.com/file/d/1A-E0Bo82DthTeDr0rl-Y-rwbaH-hANVE/view
HEE-007,Argentina,2,https://drive.google.com/file/d/1A1EMqjzPl19G69TEgtsqI9OkzhCKjR90/view
HEE-007,Argentina,3,https://drive.google.com/file/d/130ysJ2ruGtCeYkaehRzrrJz-HP9CLEPa/view
HEE-007,Argentina,4,https://drive.google.com/file/d/1ao8yTpXuN48FT01eVGQz-wnWNSrjNT31/view
HEE-007,Argentina,5,https://drive.google.com/file/d/1q9rjQ7Mh5NceCq4WoUVZv1eANjA6ZR_B/view
HEE-007,Argentina,6,https://drive.google.com/file/d/1iBpzhij445Sq3MPUAh5NzH0byW9G0VMt/view
HEE-007,Argentina,7,https://drive.google.com/file/d/1x2UxCl-L-dhKBlKB7F2cNuqUMf9dVoWe/view
HEE-008,Asia,1,https://drive.google.com/file/d/1K9p4otYX4CRpZ2ZxkhkoCFHpgk3YzXI5/view
HEE-008,Asia,2,https://drive.google.com/file/d/1nYYNBGUtdj4cv20Xy2qgpmQFA1ExaUJy/view
HEE-008,Asia,3,https://drive.google.com/file/d/1hS1A85QVX7LVSl74nxG9oLqLtQi_V8rr/view
HEE-008,Asia,4,https://drive.google.com/file/d/1nu5_7J805WR0GGeA53foGaeAPaTnjNIU/view
HEE-008,Asia,5,https://drive.google.com/file/d/17aadZDtY16cOzJokPy2f9c5qa4eJBdqU/view
HEE-008,Asia,6,https://drive.google.com/file/d/1oxeUmhXQTwKTNnl8lSs1IaYvvBy1hl1d/view
HEE-008,Asia,7,https://drive.google.com/file/d/14X0bH7oEzJKa9Cla_KOdQXJKH_lFcv86/view
HEE-008,Asia,8,https://drive.google.com/file/d/10goDe2JEXIiOdvrjDO8y6fy5RL4a5iyD/view
HEE-008,Asia,9,https://drive.google.com/file/d/1SuXJHG1g83aMMKphT-MkRQWkEm_imJo0/view
HEE-008,Asia,10,https://drive.google.com/file/d/1etmPvUlrkquGvT1pBHQeryx9sBxrzzD_/view
HEE-008,Asia,11,https://drive.google.com/file/d/1H72axAxGKOehyehohtQ0JGPiX5AaLoWd/view
HEE-008,Asia,12,https://drive.google.com/file/d/1oktSxTaLV2B06SDY4izW23ndYf5wPn9W/view
HEE-009,Atlanta,1,https://drive.google.com/file/d/1U5G3GIuV1JCUXJOhdbfAHkn_BQqCECzw/view
HEE-009,Atlanta,2,https://drive.google.com/file/d/1fOSXkbRtJm1OK5Ys9CGkcMRPvY3QTkmc/view
HEE-009,Atlanta,3,https://drive.google.com/file/d/1AiBu_mHZ4gmYUtv0Cx9qHjXg-6EstXSJ/view
HEE-009,Atlanta,4,https://drive.google.com/file/d/1a1PfpnuWxfQ0oRzBTcZZpOfthhfYXNgC/view
HEE-009,Atlanta,5,https://drive.google.com/file/d/1sg6wX2pN3kVS3J-uCyFA1GSpa8altAhH/view
HEE-009,Atlanta,6,https://drive.google.com/file/d/1gXHA-kixnlI7Zb9H1c3rO_oGcCe4g8o1/view
HEE-009,Atlanta,7,https://drive.google.com/file/d/1u8hjBL_BpCfcW-tvvfwmhkNAZKjZM-LL/view
HEE-009,Atlanta,8,https://drive.google.com/file/d/1A8ijJ1ZKbfAeJrTE-SsAkDb3Rvh96LsV/view
HEE-009,Atlanta,9,https://drive.google.com/file/d/1cSM4wGmGJaZr4A6lyfsnmqCJGWipys5n/view
HEE-009,Atlanta,10,https://drive.google.com/file/d/1sG56q-pUG_7z8TMi5FsHSv7rKdGB4hKI/view
HEE-009,Atlanta,11,https://drive.google.com/file/d/1NHQgPbKg0NUhiYs5mg0FSv036KrSSqer/view
HEE-009,Atlanta,12,https://drive.google.com/file/d/1FEp1tb9MD58I4KBYYVDukOPNH5v46yOy/view
HEE-010,Australia,1,https://drive.google.com/file/d/1Qa_f1JXL3qGU4R2Z7lkpEtnObX7gBLx6/view
HEE-010,Australia,2,https://drive.google.com/file/d/1F_OnyQoLpjf49l_QDJGIMIV2fYS2GTzq/view
HEE-010,Australia,3,https://drive.google.com/file/d/1VDz3wzf6oyhXasQJuqdV1jMgnNBCOeMl/view
HEE-010,Australia,4,https://drive.google.com/file/d/1Y7uFlOAA5x6bw7aacEjBNYya_mwB5EXG/view
HEE-010,Australia,5,https://drive.google.com/file/d/10In9BZzT0R3ylIe3N_ITVdot1aQdGUHO/view
HEE-010,Australia,6,https://drive.google.com/file/d/1NfSiv4DXetdtlwFXMh02QVMHdMMD0qVL/view
HEE-010,Australia,7,https://drive.google.com/file/d/19vh5IihhuIdXeZJh6QTsKc8enIgCdATw/view
HEE-010,Australia,8,https://drive.google.com/file/d/13vXXpyqcOHoSSL9asEnBM7YNvoBkjLjT/view
HEE-010,Australia,9,https://drive.google.com/file/d/1Zbo-aJp4nmsAhlo5oCictE7k4M_jmC9R/view
HEE-010,Australia,10,https://drive.google.com/file/d/1mz7KeLQn7io5wbEvcBTPuDPkk59SuihF/view
HEE-010,Australia,11,https://drive.google.com/file/d/1ADbDsS1XJhI6MbO4xZi1wgHS_0YS-0Sn/view
HEE-010,Australia,12,https://drive.google.com/file/d/1Gu1poaYGRSNRG-FARPrrnxVHN9R6V72A/view
HEE-011,Baltimora,1,https://drive.google.com/file/d/1VBGedlRS-AoLStZIPN4q5zTDW7pXgJPR/view
HEE-011,Baltimora,2,https://drive.google.com/file/d/1bWiVn3mQs9PuphPq3iL1pq7ZJWZEsQ3v/view
HEE-011,Baltimora,3,https://drive.google.com/file/d/1y1yyxOh8tvc1x8CaO5cxduRNBZZMTvIv/view
HEE-011,Baltimora,4,https://drive.google.com/file/d/14cS_-riUsXQexXQGlMQhninZgYbp9hjD/view
HEE-011,Baltimora,5,https://drive.google.com/file/d/1Th27tatG1jesYxJTyFE3071FNYzuSX07/view
HEE-011,Baltimora,6,https://drive.google.com/file/d/1gT42Vw9hmOr8KP50ubieKXgN1MYlGHuh/view
HEE-011,Baltimora,7,https://drive.google.com/file/d/1juT7QL_QwsRRJXwIyGprCq1Nem2YkXdM/view
HEE-011,Baltimora,8,https://drive.google.com/file/d/1vEweNU91j1iEc1rjXNB72ieR9M9c7ypw/view
HEE-011,Baltimora,9,https://drive.google.com/file/d/1nANlItBkyaJQy8JjlHxSqOwj-tDSom0t/view
HEE-011,Baltimora,10,https://drive.google.com/file/d/16MjRLsoYLaisu3DNaT8QqKJxf4wO1ZYw/view
HEE-011,Baltimora,11,https://drive.google.com/file/d/107MUu-HnsxYQ0KTB5Pwb74oFqs78osZx/view
HEE-011,Baltimora,12,https://drive.google.com/file/d/10G7CWcCkiisYqCH_jDRxXiOHhFNdbJWC/view
HEE-012,Barcellona,1,https://drive.google.com/file/d/1Tobr-Bck-4eM33CjgXqMfi-zMtuc6U4x/view
HEE-012,Barcellona,2,https://drive.google.com/file/d/1hQG3-UgkLH3NGd4eMt6HBRltjJxt6S8B/view
HEE-012,Barcellona,3,https://drive.google.com/file/d/1qcgjMhUI-z_I6dMwlFYegZqyv6Rqf2YJ/view
HEE-012,Barcellona,4,https://drive.google.com/file/d/1zFgq6kR-MvZZvvbns010U5WRnAFDvS9t/view
HEE-012,Barcellona,5,https://drive.google.com/file/d/1H6IxDBey0A_O2ll-7_9o4IV8uF1z_JiD/view
HEE-012,Barcellona,6,https://drive.google.com/file/d/1oUOxPhWyrkznLFNi5DFRNPBl-0U4Ip_c/view
HEE-012,Barcellona,7,https://drive.google.com/file/d/1tQyTTKXHXLpBmgbr7cTdG69Rw55f9Tiu/view
HEE-012,Barcellona,8,https://drive.google.com/file/d/1IQlsE8C1XdRfR6EoJlBzSq9MHNfkz-V6/view
HEE-012,Barcellona,9,https://drive.google.com/file/d/1HLHVzdiY827gzILugfX9AIA93CLCMVpP/view
HEE-012,Barcellona,10,https://drive.google.com/file/d/1suktGPWKJXfSrPAVhcbnz0OGJlJ5Da7t/view
HEE-012,Barcellona,11,https://drive.google.com/file/d/1djOPocjOsSIG2EtJSvdeviuCehUDHkj0/view
HEE-012,Barcellona,12,https://drive.google.com/file/d/1eIy9DXr_yp7NxdFfSVazPotCYKKZkRz3/view
HEE-013,Berna,1,https://drive.google.com/file/d/1cylMgfidXFNv8hzp3JfHoG9rBJ7RJwlA/view
HEE-013,Berna,2,https://drive.google.com/file/d/15kucQCysVji6TOqTIy5llPiysn2RKLST/view
HEE-013,Berna,3,https://drive.google.com/file/d/11IfJCnpLwqwW1uutSrHA8wB6VM4ScACa/view
HEE-013,Berna,4,https://drive.google.com/file/d/1AnS-SPL8bMq74zz8kNN7x5zADZfbB4-q/view
HEE-013,Berna,5,https://drive.google.com/file/d/1GbUGr9IvAo6Jj8NpdR3RM3NGpQ9qy6tm/view
HEE-013,Berna,6,https://drive.google.com/file/d/1D2AwjOtUF0N0kPOorTxsA6pBju-8-0GR/view
HEE-013,Berna,7,https://drive.google.com/file/d/1K1Ot0BB86g0AOTxJOoAjpLN28p-Vh-1a/view
HEE-013,Berna,8,https://drive.google.com/file/d/15-h0CcZ6vO9eY0EWcQO5UMavE9oZ8v-f/view
HEE-013,Berna,9,https://drive.google.com/file/d/1kXZL4VcAmmRbPkyubCgnyCaAQF7-QF0d/view
HEE-013,Berna,10,https://drive.google.com/file/d/1ovw0SpoFAZVIvB9w5qXh6sMShFICar0s/view
HEE-018,Brasile,1,https://drive.google.com/file/d/1bNOsBMqxwHQT8NwJsh8YQBgxgJ11I_LO/view
HEE-018,Brasile,2,https://drive.google.com/file/d/1hQG3-UgkLH3NGd4eMt6HBRltjJxt6S8B/view
HEE-018,Brasile,3,https://drive.google.com/file/d/1qcgjMhUI-z_I6dMwlFYegZqyv6Rqf2YJ/view
HEE-018,Brasile,4,https://drive.google.com/file/d/1zFgq6kR-MvZZvvbns010U5WRnAFDvS9t/view
HEE-018,Brasile,5,https://drive.google.com/file/d/1H6IxDBey0A_O2ll-7_9o4IV8uF1z_JiD/view
HEE-018,Brasile,6,https://drive.google.com/file/d/1oUOxPhWyrkznLFNi5DFRNPBl-0U4Ip_c/view
HEE-018,Brasile,7,https://drive.google.com/file/d/1tQyTTKXHXLpBmgbr7cTdG69Rw55f9Tiu/view
HEE-018,Brasile,8,https://drive.google.com/file/d/1IQlsE8C1XdRfR6EoJlBzSq9MHNfkz-V6/view
HEE-018,Brasile,9,https://drive.google.com/file/d/1HLHVzdiY827gzILugfX9AIA93CLCMVpP/view
HEE-018,Brasile,10,https://drive.google.com/file/d/1suktGPWKJXfSrPAVhcbnz0OGJlJ5Da7t/view
HEE-018,Brasile,11,https://drive.google.com/file/d/1x7zbrlcxOV7dGcRzwMxzpd9Di8w5R4cw/view
HEE-018,Brasile,12,https://drive.google.com/file/d/1zkD473eAAY6aS7tJbjUaw9G8dcpcVamK/view
HEE-018,Brasile,13,https://drive.google.com/file/d/1_voBer_Ha1X6xyHsp_bLy2nRUqQjZpXd/view
HEE-018,Brasile,14,https://drive.google.com/file/d/1BoweKFpqVtps64COVfEV_gzaKmSPby25/view
HEE-018,Brasile,15,https://drive.google.com/file/d/1YEb9lAB_N0cEXcqAmE8u-ZsosiFBr_AQ/view
HEE-018,Brasile,16,https://drive.google.com/file/d/15XdUd_NTsHcPYvUu_6_BrXDcwO3iiP1M/view
HEE-018,Brasile,17,https://drive.google.com/file/d/16KfUGxYgUQkz3hWr0yAI9FV46yPJkA59/view
HEE-018,Brasile,18,https://drive.google.com/file/d/1HGFzyhworFXrdTko_xWjPOZU5OBfVEoC/view
HEE-018,Brasile,19,https://drive.google.com/file/d/1DNnXbQ8nTgCBNDz-pj290nTunhRqXtlE/view
HEE-018,Brasile,20,https://drive.google.com/file/d/1I6ytXibsUZEUvKj3Ba__8jmOi3tYoDfO/view
HEE-018,Brasile,21,https://drive.google.com/file/d/1U5G3GIuV1JCUXJOhdbfAHkn_BQqCECzw/view
HEE-018,Brasile,22,https://drive.google.com/file/d/1fOSXkbRtJm1OK5Ys9CGkcMRPvY3QTkmc/view
HEE-018,Brasile,23,https://drive.google.com/file/d/1AiBu_mHZ4gmYUtv0Cx9qHjXg-6EstXSJ/view
HEE-019,Budapest,1,https://drive.google.com/file/d/1Ffs7oiFznP3NQcnpkyXz4ILBDhWa98DD/view
HEE-019,Budapest,2,https://drive.google.com/file/d/1VGIktxfW1JqB8Ioqr9qgRCHAI_aE4Iun/view
HEE-019,Budapest,3,https://drive.google.com/file/d/1aZvaGPf78WjkYJDASpkQCmCBK45g4H23/view
HEE-019,Budapest,4,https://drive.google.com/file/d/1bpX8YGr0P5pouQiSudWNUIrh9EqA4a1u/view
HEE-019,Budapest,5,https://drive.google.com/file/d/1aTPiwwTW18cOgamWDBCyDzyu53V766vh/view
HEE-019,Budapest,6,https://drive.google.com/file/d/1W5jjemEqWmYepAVok8bB9H_73AVLkx3H/view
HEE-019,Budapest,7,https://drive.google.com/file/d/1QZz2tN-qOd29BkDzWn7pjmfGoEpXDx-B/view
HEE-019,Budapest,8,https://drive.google.com/file/d/1jQZyirWfj1S00iIqESpzyd4mvCdRLzQM/view
HEE-019,Budapest,9,https://drive.google.com/file/d/1UgRFHH_lRLnlDTOZPtbliaLao3xcLn3B/view
HEE-019,Budapest,10,https://drive.google.com/file/d/1q1yqw5xCt54ZQdA838akMvEZDXimK2rE/view
HEE-019,Budapest,11,https://drive.google.com/file/d/1SlM8zfPRwzEzNqfZimpiu5mXen5EtOj3/view
HEE-019,Budapest,12,https://drive.google.com/file/d/1yMQZSznEu4cc475nFRHkU3d9fFzDfLBy/view
HEE-020,Cali,1,https://drive.google.com/file/d/16ua9PO6iBT9ZjDEavVszwSiZsX_ZFUR3/view
HEE-020,Cali,2,https://drive.google.com/file/d/1ynMrmzpsY-kyVp7B0K7OHhC-KLNf9Pps/view
HEE-020,Cali,3,https://drive.google.com/file/d/1IOjl3TOymZiBX_1gtmuZhJ_K2B5Kdwkl/view
HEE-020,Cali,4,https://drive.google.com/file/d/1ZoowuLV4kT_yr4nVUfIa6SwWRvM1Um_r/view
HEE-020,Cali,5,https://drive.google.com/file/d/1-ziX9DCkuJ7wNAA2uch6mL1NmgRCULEJ/view
HEE-020,Cali,6,https://drive.google.com/file/d/14ydFSXTqPN_2BWS162hjawzOQsqpR8tK/view
HEE-020,Cali,7,https://drive.google.com/file/d/1UDueh9hxofA6oONOK2vu0TIhlfeo70-M/view
HEE-020,Cali,8,https://drive.google.com/file/d/1m2D_obItPn6QCXFWgQ8F5CN5tUMn66tH/view
HEE-020,Cali,9,https://drive.google.com/file/d/1scRgEk9KQ6_ErRG-01y_vPgtY0QifulL/view
HEE-020,Cali,10,https://drive.google.com/file/d/1gss3d0p8xZUwRhhIsXQsbrtvbdYCkhj-/view
HEE-020,Cali,11,https://drive.google.com/file/d/1x6OjQVSP-szh5jkBMVB_-AKa6TP4642g/view
HEE-021,California,1,https://drive.google.com/file/d/1dcfHE3Bxuj-7Pol7YwQirHtOk8Y8cJep/view
HEE-021,California,2,https://drive.google.com/file/d/1a1GgtqQfYaz3Q-HfhqTt4zoGdaRm8g1G/view
HEE-021,California,3,https://drive.google.com/file/d/1M78py0frIAJzUt7bP_gRx31yziEw0S5a/view
HEE-021,California,4,https://drive.google.com/file/d/1pvkXM5wGBc4UgEQvfawYmxuMa3C17OqJ/view
HEE-021,California,5,https://drive.google.com/file/d/1x-MVyGS5Dybn9lm23sto46gGlF40QnnU/view
HEE-021,California,6,https://drive.google.com/file/d/1pX1mmblUHk4G4l9HMmdNxTaV41ID3XVX/view
HEE-021,California,7,https://drive.google.com/file/d/1EheORTJqKSX0alA9QvRZ9API_Sy_d-yA/view
HEE-021,California,8,https://drive.google.com/file/d/1rc25mrGYNQjxt8kekWcuon9fDnW9P3p6/view
HEE-021,California,9,https://drive.google.com/file/d/1Ni9wZ1JVoQ_wru_74I3JiTHodXcQcLlF/view
HEE-021,California,10,https://drive.google.com/file/d/1-boJL7z7b17AB9kTTZSF63oMY31yad-g/view
HEE-021,California,11,https://drive.google.com/file/d/1BE9BQlEjysy-DSHS5BoFsiDOYycTwcjW/view
HEE-021,California,12,https://drive.google.com/file/d/1muEfn-8pDtX1HWpyLrR5-pgYLc_Q2J3b/view
HEE-023,Canada,1,https://drive.google.com/file/d/1e8m4_FEcKnUwWKUCTwGXBsV-GTYolRTT/view
HEE-023,Canada,2,https://drive.google.com/file/d/1ZlxEuXWRIVjGhocDSWr_u2q7wAHNICsK/view
HEE-024,Canarie,1,https://drive.google.com/file/d/1DU2ewSCgs1RzOjjGXGCEWeuaN2wrs4dl/view
HEE-024,Canarie,2,https://drive.google.com/file/d/1xqaQe6ns8_AGVRVu5iXyMKE-SawP4vc0/view
HEE-024,Canarie,3,https://drive.google.com/file/d/12WSNUKniSFDzxXuYhKpoLJDirgAIuGqQ/view
HEE-024,Canarie,4,https://drive.google.com/file/d/1SbJ5R9L9cGu4iUHNDpgkUt-bc4MRmxBL/view
HEE-024,Canarie,5,https://drive.google.com/file/d/1s-1NkT4gcNXRoPQaVt8AYdwp_agNd8Ig/view
HEE-024,Canarie,6,https://drive.google.com/file/d/1Mohk-N9Xcp0G2_G5cqy4u-FP-BtXGHaW/view
HEE-024,Canarie,7,https://drive.google.com/file/d/1PfqCVum4HZmZhIGFKQi_bp01f7Z8lvKq/view
HEE-024,Canarie,8,https://drive.google.com/file/d/1fFjuWn5MtKS8dYwxl61DDuKgX57FczFy/view
HEE-024,Canarie,9,https://drive.google.com/file/d/1_mpg8sg8anEUD5gHGUSsLphtjlAor717/view
HEE-024,Canarie,10,https://drive.google.com/file/d/1u8LoZzRz93IQoTMEBHV7eeCJ0_9w-2ow/view
HEE-024,Canarie,11,https://drive.google.com/file/d/1WhePHjK4yzSQxJKrsZxARyDKUuOv8Ji2/view
HEE-024,Canarie,12,https://drive.google.com/file/d/1TkxOP-MzESEJmAwrh4Ct7Ys3n_Q9Y0UR/view
HEE-025,Capri,1,https://drive.google.com/file/d/1lepfwKhfFv-ts2MUCKyUwiImWVWnCP0D/view
HEE-025,Capri,2,https://drive.google.com/file/d/1xE0cyNcWHZ3ftjlZUwYNy3iHyyTk14Wu/view
HEE-025,Capri,3,https://drive.google.com/file/d/1ebCMkSRTAZMik2OXGpQGL3Y_Pnnn2mGy/view
HEE-025,Capri,4,https://drive.google.com/file/d/1bQ46fWkh8U736kCLnugSW0kspK0Jm-Ft/view
HEE-025,Capri,5,https://drive.google.com/file/d/1BChGyG9oKfndT0T5hT6sHeH7-jtMS3hQ/view
HEE-025,Capri,6,https://drive.google.com/file/d/1GA6eGzJpKCmq2WOLgqcBKmNxqoT39OtB/view
HEE-025,Capri,7,https://drive.google.com/file/d/1lZCc7d5HLwE_EG_dUybDMGIK_6IRmeLp/view
HEE-025,Capri,8,https://drive.google.com/file/d/1q_J4ZGEc9RbFONyhKsp0n4p0Ru5X4Ev2/view
HEE-025,Capri,9,https://drive.google.com/file/d/139kiWRhs4CY7Rozv8IpXuGOk54s7cVIM/view
HEE-025,Capri,10,https://drive.google.com/file/d/1a1jl4JHv3zRVGLjwAGBgubIXdf_5Te-y/view
HEE-025,Capri,11,https://drive.google.com/file/d/1ukAnC81Atp8QIbJwHLafrnmLq4q0-1qr/view
HEE-025,Capri,12,https://drive.google.com/file/d/1HyH03rxYiFTDv-b8k2HMW8y5wJRMgqAc/view
HEE-026,Cefalù,1,https://drive.google.com/file/d/12UEz1WdpFUBvzbRBiSpGE9dEIqjmi6po/view
HEE-026,Cefalù,2,https://drive.google.com/file/d/1PoFBuYkhDvgQYvxia9KA171SlOOPzw0c/view
HEE-026,Cefalù,3,https://drive.google.com/file/d/15_W9UWWMD_UrYloPsKNN674by9HnsTrr/view
HEE-026,Cefalù,4,https://drive.google.com/file/d/1NaiRBQrZCfq45lziBZTPyJEEqRcl1HjJ/view
HEE-026,Cefalù,5,https://drive.google.com/file/d/18W2dIMQca5hR06fqEGGSnBTuuDK9EgCo/view
HEE-027,Cipro,1,https://drive.google.com/file/d/1hlNb8tTpBa4DO9v10iKJitmAP_xuGDGm/view
HEE-027,Cipro,2,https://drive.google.com/file/d/1QuPkvbwNsM3xjFftAmt7kHkQuHmcUVFZ/view
HEE-027,Cipro,3,https://drive.google.com/file/d/1VL21ls4T9_i0gLUkI14CG5Rr8Z96mEAv/view
HEE-027,Cipro,4,https://drive.google.com/file/d/1In_YDM3HeEyyEEurRfwWn92us52pwHAN/view
HEE-027,Cipro,5,https://drive.google.com/file/d/1iXtJ21w1_gkgQpVbXxO3Ql-ORt_wuf5D/view
HEE-027,Cipro,6,https://drive.google.com/file/d/1eUZ0VHkKML2n6CzM4-VwVMhWIj42vftS/view
HEE-027,Cipro,7,https://drive.google.com/file/d/1wsz9fG9w4eUMPUrZCs3t8qIPwerw_-Cw/view
HEE-027,Cipro,8,https://drive.google.com/file/d/11WG7ytM0OOPPaMIOCwmqmfCANWG20LEk/view
HEE-027,Cipro,9,https://drive.google.com/file/d/1suZh2WWhZx5051XAv7Kp6unniHdQqCwd/view
HEE-027,Cipro,10,https://drive.google.com/file/d/1FIrXpQmLoptuGPW_f5Cg-J94iF4nFbQ_/view
HEE-027,Cipro,11,https://drive.google.com/file/d/16AK6FwzlFpF3CC9jQpkC1vwz7Fsq1t4g/view
HEE-027,Cipro,12,https://drive.google.com/file/d/13pFod4Wpuvr1dE8YF7gQQ-xtNnW-Qs6x/view
HEE-028,Cortina,1,https://drive.google.com/file/d/1tfO3q0gsLAVsVWsQCEi0pgTQAqygtHqY/view
HEE-028,Cortina,2,https://drive.google.com/file/d/1Vvm7PVIlGMRZFYmFxOyEo79V-52JXNcz/view
HEE-028,Cortina,3,https://drive.google.com/file/d/1vKdRJteGJKIxH1JIKZp-VwZfLNx49vQM/view
HEE-028,Cortina,4,https://drive.google.com/file/d/18t2b5VRr_5XojnQuhSKDMCGKzrmUbkAv/view
HEE-029,Courmayeur,1,https://drive.google.com/file/d/1wb7F8rfANc1vt7C4bDN4LaKF5lZG4NC4/view
HEE-029,Courmayeur,2,https://drive.google.com/file/d/1eKtBm2UMYI3o1ilcpXxeGiYxd2PPaDcp/view
HEE-029,Courmayeur,3,https://drive.google.com/file/d/1pleG_TnAIs2DuCAZzyxFb6FiIGA58TJR/view
HEE-029,Courmayeur,4,https://drive.google.com/file/d/1oxSUXxJzlmN9HCQJgBTRcCVdgPhHa7P7/view
HEE-029,Courmayeur,5,https://drive.google.com/file/d/1Hknhe7M4gZ39O2bWaMkV1SJC78pkFjeN/view
HEE-029,Courmayeur,6,https://drive.google.com/file/d/1ixKNP-dGPuq3W-VEaluhRXRO22LPVuWX/view
HEE-029,Courmayeur,7,https://drive.google.com/file/d/1fps2dsr-c6TSJqDwxAmu8kCx72mAuZ8n/view
HEE-029,Courmayeur,8,https://drive.google.com/file/d/1EZR3hV1fQJ-rFuAEqa1q-0OthEkSgXmx/view
HEE-029,Courmayeur,9,https://drive.google.com/file/d/1kJiuBbIzuWeL_dakbj9f3R-hSPtkjBYx/view
HEE-029,Courmayeur,10,https://drive.google.com/file/d/1qlhMGhf1E6ghhVMC28W2lhTEZZzbB5Py/view
HEE-029,Courmayeur,11,https://drive.google.com/file/d/1e8FuQs1pzrvEHR1lS32Gj-ZA9JbLU4lp/view
HEE-029,Courmayeur,12,https://drive.google.com/file/d/1pA4OJTYvUnWI90rC8MU5aYZSxftoSbzA/view
HEE-030,Danimarca,1,https://drive.google.com/file/d/1Fpho398zpPYkuG7kdi3AfKNa3C38BGE9/view
HEE-030,Danimarca,2,https://drive.google.com/file/d/1fRQI8isjJKIoLNIsFyjUgim9ljalHzYP/view
HEE-030,Danimarca,3,https://drive.google.com/file/d/1knZTxGBSiBHoeSqPvtRtpSXvjSqebX-o/view
HEE-030,Danimarca,4,https://drive.google.com/file/d/1JF2lHcb8mbpy3g73l9krf4rPMzkM0Z61/view
HEE-030,Danimarca,5,https://drive.google.com/file/d/1V0LMZFFyfBMYaNs9b-mQNgnEsht7CHfn/view
HEE-030,Danimarca,6,https://drive.google.com/file/d/1uUocgu88nyCszAaj_qFVxGD-IDRnH3gT/view
HEE-030,Danimarca,7,https://drive.google.com/file/d/1x91Tx2Ol_1dHrQEriroOXlKAYJ5JVxku/view
HEE-030,Danimarca,8,https://drive.google.com/file/d/1zLdBPv5WcR4GY99BW5rbYv9Ic49VNwTI/view
HEE-030,Danimarca,9,https://drive.google.com/file/d/12acoXPTLj2kqcZGEqCGuMfsiAYAmsTIu/view
HEE-030,Danimarca,10,https://drive.google.com/file/d/1krLT2AEJHKf84kP29GSbz_5SDYc2zSgJ/view
HEE-030,Danimarca,11,https://drive.google.com/file/d/14aJi06JLK5L_sLIroQSYJlWLeHbK-ZEJ/view
HEE-030,Danimarca,12,https://drive.google.com/file/d/1Qko1LT3u0Ftf7ftb2qjEICHe1daPcjPC/view
HEE-033,Dubai,1,https://drive.google.com/file/d/122LsF4gCmfdZ1RrAnsCAteig65mlu3C8/view
HEE-033,Dubai,2,https://drive.google.com/file/d/1agY74FJ6mHVz2tVE08u6YrOz3U-2DL4X/view
HEE-033,Dubai,3,https://drive.google.com/file/d/1ong_vdUtoz6m4lQR5Woh51V3elKNH4jt/view
HEE-033,Dubai,4,https://drive.google.com/file/d/1tYYzKm7sw83xx_Kn4zgZuqxplXjBt4pS/view
HEE-033,Dubai,5,https://drive.google.com/file/d/1lvvAoR4XnlmYog7nDu2JAoPEVSoH7qpL/view
HEE-033,Dubai,6,https://drive.google.com/file/d/1_0MuLm2-ZavGKP6cFu9ZC7CVI3PDrvBt/view
HEE-033,Dubai,7,https://drive.google.com/file/d/1EsXyBwQgl7W77OHZEFfvagBGC066LAPl/view
HEE-033,Dubai,8,https://drive.google.com/file/d/1ThmfNKKhYfbJ_Wxz3EJ_R-gF6fP6ejEq/view
HEE-033,Dubai,9,https://drive.google.com/file/d/15_rdMJccHpWcYbVq5LLUaWisWAho1bLg/view
HEE-033,Dubai,10,https://drive.google.com/file/d/1O7eGD_OCKjdcshzfGSfkaKvpprfPswJx/view
HEE-033,Dubai,11,https://drive.google.com/file/d/1RqeQHr07q327HZSnvjoDwzFiJ8SAetew/view
HEE-033,Dubai,12,https://drive.google.com/file/d/1X0GHZWtJukRivi5896H5g_IBxgZu5l93/view
HEE-034,Dublino,1,https://drive.google.com/file/d/12UEz1WdpFUBvzbRBiSpGE9dEIqjmi6po/view
HEE-034,Dublino,2,https://drive.google.com/file/d/1PoFBuYkhDvgQYvxia9KA171SlOOPzw0c/view
HEE-034,Dublino,3,https://drive.google.com/file/d/1SoJ0HQ6TEZNSFOo0N5xzszoBlRa6_BMS/view
HEE-034,Dublino,4,https://drive.google.com/file/d/16BxCTSZvTC8WxjFaI7pc4O7udtueCvo1/view
HEE-034,Dublino,5,https://drive.google.com/file/d/1p-2S9uNdY0ksCnO0-P1J9R2RZ8m6k6Bd/view
HEE-034,Dublino,6,https://drive.google.com/file/d/1rurG9-xolRaX7bdpluPMposw57BzNryU/view
HEE-034,Dublino,7,https://drive.google.com/file/d/12KdG7oZ2TYCkNCUHgCrQGr6ZzQDHYR25/view
HEE-034,Dublino,8,https://drive.google.com/file/d/12jeynuoRX8mPVINzvrHbb7EC-HZjVEgj/view
HEE-034,Dublino,9,https://drive.google.com/file/d/1Fegd1oq2nbGy-FuxKSRttw8hMOQpVtn6/view
HEE-034,Dublino,10,https://drive.google.com/file/d/1Oc5zEQ5wbfZYtbDfPSLqpiPKBWsUQznU/view
HEE-034,Dublino,11,https://drive.google.com/file/d/18zaNWqQUDZeQH9jznyscfYG5qbjF0VFh/view
HEE-034,Dublino,12,https://drive.google.com/file/d/1By8OrCvEcWuEJieiDcu06-BdPeCc4saS/view
HEE-035,Finlandia,1,https://drive.google.com/file/d/1m3a7ieTBKGNDsZHOAzav_U63HNepdpQs/view
HEE-035,Finlandia,2,https://drive.google.com/file/d/1BGjLBDfUYx7WnNwn47X5D7e1HC5HaZMH/view
HEE-035,Finlandia,3,https://drive.google.com/file/d/11k7Q2WKHABxiidOjpWsAP6s_Eldk2q_f/view
HEE-035,Finlandia,4,https://drive.google.com/file/d/13GqBRgxPVBFXThZPNnmzyulgjTa_8OLy/view
HEE-035,Finlandia,5,https://drive.google.com/file/d/1hJcNwjxDqeVZPzvWz5Uz8d1Da12eRvqb/view
HEE-035,Finlandia,6,https://drive.google.com/file/d/1zQgZ6pzw6E2kiWKB-odRJlGt91HX7awi/view
HEE-035,Finlandia,7,https://drive.google.com/file/d/1agtoxVuUXKeLrwfZb7Fo768YkQ9aICLH/view
HEE-035,Finlandia,8,https://drive.google.com/file/d/1uTzZOiqluwgd5669ABoeGWKk1F-UPCnI/view
HEE-035,Finlandia,9,https://drive.google.com/file/d/1lhY-GqXEbN2k-JCKIVD_bU5jmeu3V-0B/view
HEE-036,Formentera,1,https://drive.google.com/file/d/1yyCsUkSJglbSS6Sk2syUlY9FyblB9Mhm/view
HEE-036,Formentera,2,https://drive.google.com/file/d/1x7zbrlcxOV7dGcRzwMxzpd9Di8w5R4cw/view
HEE-036,Formentera,3,https://drive.google.com/file/d/1zkD473eAAY6aS7tJbjUaw9G8dcpcVamK/view
HEE-036,Formentera,4,https://drive.google.com/file/d/1Q8SaJRh2QfC6x9Fw1oFVsJqBD8eVpTTn/view
HEE-036,Formentera,5,https://drive.google.com/file/d/1eT-Gx21riCJ5BSZUwyBCk3H2euNpY_vI/view
HEE-036,Formentera,6,https://drive.google.com/file/d/136_EZpbYqK4a96KAuzq6c9Ox_KQFl7wx/view
HEE-036,Formentera,7,https://drive.google.com/file/d/1l78XjYMmaWoX6QXxE_Fyryg7pNrS6mtn/view
HEE-036,Formentera,8,https://drive.google.com/file/d/1zRs9T1hzsOCXmmtfkEL5PA2h49XpjmTa/view
HEE-036,Formentera,9,https://drive.google.com/file/d/1n3dWTUkAqwGcTd8eRn67K0mU8CDysFGn/view
HEE-036,Formentera,10,https://drive.google.com/file/d/1P_AQPl4lwhBbyLAOD4IM-cLQvaz3dRNd/view
HEE-036,Formentera,11,https://drive.google.com/file/d/17Adu-6Q2QBQr8xfULIKI5IWXc8-rnlVz/view
HEE-036,Formentera,12,https://drive.google.com/file/d/1q_SGe1h7rsfRGD27xn0bFuMNIBiivJHv/view
HEE-036,Formentera,13,https://drive.google.com/file/d/1QhnPGgqIPhqfIsSda8rlAXrrIBax5kmp/view
HEE-036,Formentera,14,https://drive.google.com/file/d/1U_ugLNestV0_tJ3B-znhNGvl5XuVsz_u/view
HEE-036,Formentera,15,https://drive.google.com/file/d/1R0A9V4VdScBKttqHECDR0CG51b_4eYpx/view
HEE-036,Formentera,16,https://drive.google.com/file/d/1a1PfpnuWxfQ0oRzBTcZZpOfthhfYXNgC/view
HEE-036,Formentera,17,https://drive.google.com/file/d/1gXHA-kixnlI7Zb9H1c3rO_oGcCe4g8o1/view
HEE-036,Formentera,18,https://drive.google.com/file/d/1u8hjBL_BpCfcW-tvvfwmhkNAZKjZM-LL/view
HEE-036,Formentera,19,https://drive.google.com/file/d/1A8ijJ1ZKbfAeJrTE-SsAkDb3Rvh96LsV/view
HEE-036,Formentera,20,https://drive.google.com/file/d/1cSM4wGmGJaZr4A6lyfsnmqCJGWipys5n/view
HEE-036,Formentera,21,https://drive.google.com/file/d/1sG56q-pUG_7z8TMi5FsHSv7rKdGB4hKI/view
HEE-036,Formentera,22,https://drive.google.com/file/d/1NHQgPbKg0NUhiYs5mg0FSv036KrSSqer/view
HEE-036,Formentera,23,https://drive.google.com/file/d/1FEp1tb9MD58I4KBYYVDukOPNH5v46yOy/view
HEE-039,Ginevra,1,https://drive.google.com/file/d/1tfO3q0gsLAVsVWsQCEi0pgTQAqygtHqY/view
HEE-039,Ginevra,2,https://drive.google.com/file/d/1Vvm7PVIlGMRZFYmFxOyEo79V-52JXNcz/view
HEE-039,Ginevra,3,https://drive.google.com/file/d/1vKdRJteGJKIxH1JIKZp-VwZfLNx49vQM/view
HEE-039,Ginevra,4,https://drive.google.com/file/d/18t2b5VRr_5XojnQuhSKDMCGKzrmUbkAv/view
HEE-039,Ginevra,5,https://drive.google.com/file/d/1pleG_TnAIs2DuCAZzyxFb6FiIGA58TJR/view
HEE-039,Ginevra,6,https://drive.google.com/file/d/1oxSUXxJzlmN9HCQJgBTRcCVdgPhHa7P7/view
HEE-039,Ginevra,7,https://drive.google.com/file/d/1ixKNP-dGPuq3W-VEaluhRXRO22LPVuWX/view
HEE-039,Ginevra,8,https://drive.google.com/file/d/13ZcYSqvqav_ocT_TaODblDxjhyusaWh8/view
HEE-039,Ginevra,9,https://drive.google.com/file/d/1gEdpKDxQsaK9of429C_tOwlXU4GSEq2u/view
HEE-039,Ginevra,10,https://drive.google.com/file/d/1gbKdzJisrfg36TiHTaD8k-fXUbUx6hW9/view
HEE-039,Ginevra,11,https://drive.google.com/file/d/1NM1Hfla4aBzmM2stys6esQraOf0Lrm-W/view
HEE-039,Ginevra,12,https://drive.google.com/file/d/15bRTlgLznDE_t_-aQsYY7dlGBiDxrNYz/view
HEE-039,Ginevra,13,https://drive.google.com/file/d/1fySKfRJNPl2XnFEF_a32F3p2EWT44OFQ/view
HEE-039,Ginevra,14,https://drive.google.com/file/d/1QSGahxwPGEtOnOglfFc2Yq8BE-H3F58H/view
HEE-039,Ginevra,15,https://drive.google.com/file/d/1AJHO8qAtloX04RwiCaUxeYN3eoBpExzn/view
HEE-039,Ginevra,16,https://drive.google.com/file/d/1sZRZXflekIibfigz783EQZu08nman2n0/view
HEE-039,Ginevra,17,https://drive.google.com/file/d/1jKqDbPdJsDbKUHQH6-qvZ_5C4gxSFers/view
HEE-039,Ginevra,18,https://drive.google.com/file/d/1Lo04EumludCYRYOhZFbVQZk2VHuwg9rg/view
HEE-039,Ginevra,19,https://drive.google.com/file/d/1wEN_SUHJgl01ZAitHFCK8clqdpIbfr7u/view
HEE-040,Helsinki,1,https://drive.google.com/file/d/130ysJ2ruGtCeYkaehRzrrJz-HP9CLEPa/view
HEE-040,Helsinki,2,https://drive.google.com/file/d/1ao8yTpXuN48FT01eVGQz-wnWNSrjNT31/view
HEE-040,Helsinki,3,https://drive.google.com/file/d/1q9rjQ7Mh5NceCq4WoUVZv1eANjA6ZR_B/view
HEE-040,Helsinki,4,https://drive.google.com/file/d/1iBpzhij445Sq3MPUAh5NzH0byW9G0VMt/view
HEE-040,Helsinki,5,https://drive.google.com/file/d/1x2UxCl-L-dhKBlKB7F2cNuqUMf9dVoWe/view
HEE-040,Helsinki,6,https://drive.google.com/file/d/1T51hf169JdHjP5DIJV3LWxFTmgU95CVj/view
HEE-040,Helsinki,7,https://drive.google.com/file/d/1dRXuDn9nXaD-CQacnwXlSNt7BgvSNmFv/view
HEE-040,Helsinki,8,https://drive.google.com/file/d/1qgeceg727TTxTqLr4T_w6TpUtrdN7uzv/view
HEE-040,Helsinki,9,https://drive.google.com/file/d/1RgHBrC7BTAgVeGVyZ-XIBvXJydvHH_9E/view
HEE-040,Helsinki,10,https://drive.google.com/file/d/1dtLm8fHhyRXUkn7hnWOswQ4LS7-Oipb2/view
HEE-040,Helsinki,11,https://drive.google.com/file/d/14ZQrV8B07W423Rm3KHu3FFQbOGihMG3Z/view
HEE-040,Helsinki,12,https://drive.google.com/file/d/1yPzPUu95dr9OgYjfazEy7ex-ewVEtNgr/view
HEE-040,Helsinki,13,https://drive.google.com/file/d/1nuoqZPMCQqdTpMTj2uDNbticf90QUVYN/view
HEE-040,Helsinki,14,https://drive.google.com/file/d/1OburUkg8izbEPhaB1_7CguLLJUA80BLV/view
HEE-040,Helsinki,15,https://drive.google.com/file/d/1US8sBMkgqf9AGK-ItFmWfJOOqV1xdtWc/view
HEE-040,Helsinki,16,https://drive.google.com/file/d/1_9g4n1xiDBlCDkmTtVkvHwELe4gTIfmt/view
HEE-041,Ibiza,1,https://drive.google.com/file/d/1bhq-DosCqXoBxi4p6_nT4Eb16MVHoXGP/view
HEE-041,Ibiza,2,https://drive.google.com/file/d/1m-G2pjmKCZpoprpdo8bJcuBbE9HGNyI3/view
HEE-041,Ibiza,3,https://drive.google.com/file/d/10PNZiCP2rluMKb0itkRKkEtxpxYOs-XV/view
HEE-041,Ibiza,4,https://drive.google.com/file/d/1WCTy762qg7gR1M7bzgKGZ5YAcz28q5NM/view
HEE-041,Ibiza,5,https://drive.google.com/file/d/1181RaUxKf3HtkjCDwFu8VpUUMa97JmM3/view
HEE-041,Ibiza,6,https://drive.google.com/file/d/112Wld5i5_aWuunj0fghvISR_XRBJSG9r/view
HEE-041,Ibiza,7,https://drive.google.com/file/d/1FZTWxDEVb1seQEDSifsloXn2_6cpQnpG/view
HEE-041,Ibiza,8,https://drive.google.com/file/d/1W4MkPyJbkW8buguOJmlG4TG0Xpfu5lUv/view
HEE-041,Ibiza,9,https://drive.google.com/file/d/1Rb9cROX11Y0VXUWQ0js3IZlQyF2ThXVF/view
HEE-041,Ibiza,10,https://drive.google.com/file/d/1uJ3iOPf-5JRCKIEZU6RxRatecEeG1hT3/view
HEE-041,Ibiza,11,https://drive.google.com/file/d/1mei0924tYxvAq6HRwEWwHYabEU4zwzQl/view
HEE-041,Ibiza,12,https://drive.google.com/file/d/110bdMPMeTx7kS2yu2j2_bjlkXaAfRXJg/view
HEE-041,Ibiza,13,https://drive.google.com/file/d/1kZHGw6Al3G-PwkPcPMxtObnL6sULD3wd/view
HEE-041,Ibiza,14,https://drive.google.com/file/d/1VUb9qiJtM6ICE5Y3fgz2Qr-pnrYdr4bw/view
HEE-041,Ibiza,15,https://drive.google.com/file/d/1z5EqtNRSwrIdTwZGYqx_IDV1JmG4jEho/view
HEE-041,Ibiza,16,https://drive.google.com/file/d/1q1f2QCX53JTzi4sosn9PnfUgi6yeQnLO/view
HEE-041,Ibiza,17,https://drive.google.com/file/d/1vszmpWj_KMmqAZz0Qu46Gka5aLTaGSM6/view
HEE-041,Ibiza,18,https://drive.google.com/file/d/1OburUkg8izbEPhaB1_7CguLLJUA80BLV/view
HEE-041,Ibiza,19,https://drive.google.com/file/d/1US8sBMkgqf9AGK-ItFmWfJOOqV1xdtWc/view
HEE-041,Ibiza,20,https://drive.google.com/file/d/1_9g4n1xiDBlCDkmTtVkvHwELe4gTIfmt/view
HEE-041,Ibiza,21,https://drive.google.com/file/d/1bMR8jsn0MjSUVOdwr2DPusH2FHfdMj8y/view
HEE-041,Ibiza,22,https://drive.google.com/file/d/12TzP0meYPwKA6Nml0HHGHwHQxiLEZTUc/view
HEE-041,Ibiza,23,https://drive.google.com/file/d/1aA8SZ4VCnFRpUNMQvkUMl8xXrdeaZqC5/view
HEE-042,Imperia,1,https://drive.google.com/file/d/1oWx873et9X0G_gUoTnT1ZMicHVuX-xKI/view
HEE-042,Imperia,2,https://drive.google.com/file/d/1e2oZr3z8C_ogEVQQ4ne9vYTdSm6mKQjY/view
HEE-042,Imperia,3,https://drive.google.com/file/d/1ajXWfOnLkO8CUqefhju6vVMzHCt49-Hk/view
HEE-042,Imperia,4,https://drive.google.com/file/d/1UDwRAQZIO2ol4ZHuXhda2hrOMPAeWLOt/view
HEE-042,Imperia,5,https://drive.google.com/file/d/1Fp8epz3zvWeBI3MKBa92_qQkcWPE6RJu/view
HEE-042,Imperia,6,https://drive.google.com/file/d/1skzkXc_yvHoZv0AycoLJscGIfe1z3J17/view
HEE-042,Imperia,7,https://drive.google.com/file/d/11k7Q2WKHABxiidOjpWsAP6s_Eldk2q_f/view
HEE-042,Imperia,8,https://drive.google.com/file/d/13GqBRgxPVBFXThZPNnmzyulgjTa_8OLy/view
HEE-042,Imperia,9,https://drive.google.com/file/d/1hJcNwjxDqeVZPzvWz5Uz8d1Da12eRvqb/view
HEE-042,Imperia,10,https://drive.google.com/file/d/1zQgZ6pzw6E2kiWKB-odRJlGt91HX7awi/view
HEE-042,Imperia,11,https://drive.google.com/file/d/1agtoxVuUXKeLrwfZb7Fo768YkQ9aICLH/view
HEE-042,Imperia,12,https://drive.google.com/file/d/1uTzZOiqluwgd5669ABoeGWKk1F-UPCnI/view
HEE-042,Imperia,13,https://drive.google.com/file/d/1z6bDfAYT5MsmSLCMaIzJsFZRTWzRZtQF/view
HEE-042,Imperia,14,https://drive.google.com/file/d/1r2_0EchY9mhMlRCAmZm2u_fkvvt_azA9/view
HEE-042,Imperia,15,https://drive.google.com/file/d/1nDHqHtD62VMQWO31Mt-IVmPGgJiV2D-J/view
HEE-042,Imperia,16,https://drive.google.com/file/d/1R_uLGxmx4rcH9k382hMmaPlssuc0urOr/view
HEE-042,Imperia,17,https://drive.google.com/file/d/1Xghj1yEYmVGc1vQWBNCU6aV8gU1MI1Ro/view
HEE-042,Imperia,18,https://drive.google.com/file/d/1Dck-5M81bv7KqnvInh3W6wOfxMHh_wU0/view
HEE-042,Imperia,19,https://drive.google.com/file/d/1xk1ruNuw3Yng-2m6i4tW4Ob8x3cEHxQl/view
HEE-044,Istanbul,1,https://drive.google.com/file/d/1XWUWGgj-RlwYP-rbvmogbK_Fbk8lV5H8/view
HEE-044,Istanbul,2,https://drive.google.com/file/d/1wVbQx76o6ConJXv7m_TIFzhCGRU-LCOF/view
HEE-044,Istanbul,3,https://drive.google.com/file/d/1Gs-_bjF69nzE41v4C82ZfSzdJgnO8xG5/view
HEE-044,Istanbul,4,https://drive.google.com/file/d/1wLNA4vBBIAh4C2JhT9FLDGBLLGJItYHk/view
HEE-044,Istanbul,5,https://drive.google.com/file/d/1bO9aT_7G56086Beu-fFT_8a5wKMh6QqL/view
HEE-044,Istanbul,6,https://drive.google.com/file/d/1MqzpHIWVR2Y8BPMIBHWRFwzxkPj5OOc6/view
HEE-044,Istanbul,7,https://drive.google.com/file/d/1SHmiri9JuL1ofT-IAqz1_5mWJpiDTZ1y/view
HEE-044,Istanbul,8,https://drive.google.com/file/d/1LETGokpSdIMnrLylB78HV6DLl8ykynRr/view
HEE-044,Istanbul,9,https://drive.google.com/file/d/1zvMHDnFTY6iyTldA-6OK-kkL2Jk6FvQw/view
HEE-044,Istanbul,10,https://drive.google.com/file/d/1vNP5G3DbBw_s9DnKJMhBQo_PjXU1WgMY/view
HEE-044,Istanbul,11,https://drive.google.com/file/d/1SQ1fHAI-NwXx9Ey7pn5NFHYKlLZ1dSlX/view
HEE-045,July,1,https://drive.google.com/file/d/1Hknhe7M4gZ39O2bWaMkV1SJC78pkFjeN/view
HEE-045,July,2,https://drive.google.com/file/d/1fps2dsr-c6TSJqDwxAmu8kCx72mAuZ8n/view
HEE-045,July,3,https://drive.google.com/file/d/1diNwFjppyDVolBMhXZwbII5Cb7PC8Il8/view
HEE-045,July,4,https://drive.google.com/file/d/1VBGedlRS-AoLStZIPN4q5zTDW7pXgJPR/view
HEE-045,July,5,https://drive.google.com/file/d/1MIW5B3gXVMqtfx01w4XWZ2KHzDKEDHMe/view
HEE-045,July,6,https://drive.google.com/file/d/1T-Mv5tjWAy3QuyNJSITWuAn2Si4zpY1l/view
HEE-045,July,7,https://drive.google.com/file/d/1KEgAflyu9h8dgp2BQYbImzFqioH9D_mS/view
HEE-046,Lione,1,https://drive.google.com/file/d/1AWUkkS4rmGbg4Gx_0JtbOo_sBkLIRR4j/view
HEE-046,Lione,2,https://drive.google.com/file/d/19r4r_rJ-z3ZNpSG37jx2VHNIm2q04nuh/view
HEE-046,Lione,3,https://drive.google.com/file/d/1kj5smfHKuY28IfM2T1rSxpPF_ATQnHxE/view
HEE-047,Liverpool,1,https://drive.google.com/file/d/1IIiHeYRKTV_wSzjB5ts_X3FoNxTVI0Ye/view
HEE-047,Liverpool,2,https://drive.google.com/file/d/1djOPocjOsSIG2EtJSvdeviuCehUDHkj0/view
HEE-047,Liverpool,3,https://drive.google.com/file/d/1eIy9DXr_yp7NxdFfSVazPotCYKKZkRz3/view
HEE-047,Liverpool,4,https://drive.google.com/file/d/1drnCf2IlvNQZ7ZSa1Jr3KOd7abv9q17R/view
HEE-047,Liverpool,5,https://drive.google.com/file/d/1KEgAflyu9h8dgp2BQYbImzFqioH9D_mS/view
HEE-048,Londra,1,https://drive.google.com/file/d/1IMN9PFBGxLEhDNcPI9nCtm_Nqn2KrRcv/view
HEE-048,Londra,2,https://drive.google.com/file/d/1L-vUOzMBx-ZUXi9OBAfPtAy6N_YeqO47/view
HEE-048,Londra,3,https://drive.google.com/file/d/1CcweUbx8_MkzM11Z3YVQZlPWOuNPJjxP/view
HEE-048,Londra,4,https://drive.google.com/file/d/13-g8dA78zWlCc6XTyqnxGF8rCimkzV53/view
HEE-048,Londra,5,https://drive.google.com/file/d/1jY-0CrSINTwV3aRw5zxxCP4ISQXc0jRn/view
HEE-048,Londra,6,https://drive.google.com/file/d/10C9lvZqAcxW0QecqFvTxbBPb9Q6TPJQM/view
HEE-048,Londra,7,https://drive.google.com/file/d/1gupuRYfvRgDQaI_ZjpWJsYT7OxUkIGBR/view
HEE-048,Londra,8,https://drive.google.com/file/d/1syKANfT9Uq9gM_Sxg-g8K-80KAWud7aT/view
HEE-048,Londra,9,https://drive.google.com/file/d/1kD4RBBbNvRKD4z9_jqDRw5Kn8ugXCROs/view
HEE-048,Londra,10,https://drive.google.com/file/d/1KpifhehC_xlL9vSaNl4k5eVjxsU4Lzr6/view
HEE-048,Londra,11,https://drive.google.com/file/d/1qnDz4sh9mb4T464LXjlF2p4RJk5d2XIM/view
HEE-048,Londra,12,https://drive.google.com/file/d/1-0TDUKLqZear7gDx9QcVY6mveBM7HA3q/view
HEE-051,Malaga,1,https://drive.google.com/file/d/1Hknhe7M4gZ39O2bWaMkV1SJC78pkFjeN/view
HEE-051,Malaga,2,https://drive.google.com/file/d/1fps2dsr-c6TSJqDwxAmu8kCx72mAuZ8n/view
HEE-051,Malaga,3,https://drive.google.com/file/d/1CUH42QalAVSkXrT6EoEh0DRM2BetKDfl/view
HEE-051,Malaga,4,https://drive.google.com/file/d/1pYjnZYtBgS1vp0yVX7kucbeov21IRZuR/view
HEE-051,Malaga,5,https://drive.google.com/file/d/1ngUuKHdDvOCFEwwRs7dKGEu2DKhz-UIc/view
HEE-051,Malaga,6,https://drive.google.com/file/d/1CYGBA6oVGXT8HBGMi7pZ34-34g36crue/view
HEE-051,Malaga,7,https://drive.google.com/file/d/1Y483eFb6gcy05Zq670-iFsUFNY5PP4-r/view
HEE-051,Malaga,8,https://drive.google.com/file/d/1JnX0G9vmxSUKVzsQnpLw3_K7pyhKdNWh/view
HEE-051,Malaga,9,https://drive.google.com/file/d/1VTwIvoFOBlDcY6Uxdad5soDBsr2fkgna/view
HEE-051,Malaga,10,https://drive.google.com/file/d/1MIW5B3gXVMqtfx01w4XWZ2KHzDKEDHMe/view
HEE-051,Malaga,11,https://drive.google.com/file/d/1j6MRxwsR-PdN4le28rVLBsBBLFOPyPbf/view
HEE-051,Malaga,12,https://drive.google.com/file/d/1ugoLtVR4FfOkrErgvcLyWnfQPw2nKDG2/view
HEE-052,Malesia,1,https://drive.google.com/file/d/1Ea7_0wBfIR6zLfXpTzUjke2un2tBbe1i/view
HEE-052,Malesia,2,https://drive.google.com/file/d/1Opl7EVNug_DrDNYkETpMz-kQ2d0yOPQg/view
HEE-052,Malesia,3,https://drive.google.com/file/d/1tqXu9WNAmruv57g6zYBBFx3uZNPwySj-/view
HEE-052,Malesia,4,https://drive.google.com/file/d/1YZ0M1-SKv5SDK9YB0-GerZm9L2DAe40c/view
HEE-052,Malesia,5,https://drive.google.com/file/d/1S0NwPt74snl8qYFp2M1qJFMwy7IOdURt/view
HEE-052,Malesia,6,https://drive.google.com/file/d/12g7DyyoLI5q20WwR8Y3J-WJevHrVX7QM/view
HEE-052,Malesia,7,https://drive.google.com/file/d/1U0KPY5WfUY7jDnwD71HAw58iV9QOme6S/view
HEE-052,Malesia,8,https://drive.google.com/file/d/1BJ_eU1zjSLuiT-H4GgGmBL7ed_PPoD3p/view
HEE-052,Malesia,9,https://drive.google.com/file/d/1igPlQeor4dyyTpanuD887ZA2rqIjZK1E/view
HEE-052,Malesia,10,https://drive.google.com/file/d/1nsPhmuj4TRuf9xz_cFCYVsnLnTPPlxwj/view
HEE-052,Malesia,11,https://drive.google.com/file/d/1K2dJM5JxnFReIJwo4aDB-Rtsr-beUP_C/view
HEE-052,Malesia,12,https://drive.google.com/file/d/15q1f4EfHQYQPmb24Fw36AEXztsQ06G2G/view
HEE-053,Malta,1,https://drive.google.com/file/d/1deE_kKmfGq11DyCnpgqd4PlDAZG_JZ8G/view
HEE-053,Malta,2,https://drive.google.com/file/d/1DmhnBQCSY9CPV0L7pgMOi8SXEOaAv9kL/view
HEE-053,Malta,3,https://drive.google.com/file/d/1bI58-1rkHP0GeslpWFIFesW_dizoW-cq/view
HEE-053,Malta,4,https://drive.google.com/file/d/1MkZNpaykpcBtNPefesjxXX1rEKyMCwLD/view
HEE-053,Malta,5,https://drive.google.com/file/d/13xp_cFxDRJDn1gdvnyLJAKB87i7v8qvX/view
HEE-053,Malta,6,https://drive.google.com/file/d/1ukuKQ6fj9E-UhRERF9kbl4tSuZ0cbhgO/view
HEE-053,Malta,7,https://drive.google.com/file/d/1ozgWRrrYgahenLPHwOCDByUwvHaAF5Js/view
HEE-053,Malta,8,https://drive.google.com/file/d/1xk5TR_ObQw3QTKmHjUB7aJlVFaBZm-1m/view
HEE-053,Malta,9,https://drive.google.com/file/d/1W5fUggKK9jEB7ppRGRo3XEVg4AnbEuSb/view
HEE-053,Malta,10,https://drive.google.com/file/d/1BgaDbPn6bBKQWXcjgiloBvjb2eiS-1q6/view
HEE-053,Malta,11,https://drive.google.com/file/d/1zaBcipqi8Ci04HFLSbZmwsyGcJ9W2Hfz/view
HEE-053,Malta,12,https://drive.google.com/file/d/1ByIzhZ2WTwEYlLSFrzUEfQtSIjE2-uLE/view
HEE-054,Manhattan,1,https://drive.google.com/file/d/11iYszTI6BTjM2wKDQS2D4Odjcv3WEMj5/view
HEE-054,Manhattan,2,https://drive.google.com/file/d/1OburUkg8izbEPhaB1_7CguLLJUA80BLV/view
HEE-054,Manhattan,3,https://drive.google.com/file/d/1US8sBMkgqf9AGK-ItFmWfJOOqV1xdtWc/view
HEE-054,Manhattan,4,https://drive.google.com/file/d/1_9g4n1xiDBlCDkmTtVkvHwELe4gTIfmt/view
HEE-054,Manhattan,5,https://drive.google.com/file/d/1bMR8jsn0MjSUVOdwr2DPusH2FHfdMj8y/view
HEE-054,Manhattan,6,https://drive.google.com/file/d/12TzP0meYPwKA6Nml0HHGHwHQxiLEZTUc/view
HEE-054,Manhattan,7,https://drive.google.com/file/d/1aA8SZ4VCnFRpUNMQvkUMl8xXrdeaZqC5/view
HEE-054,Manhattan,8,https://drive.google.com/file/d/1Suqx2Z2pOMYRF4ukuY2F_cbdS3mLH7jG/view
HEE-054,Manhattan,9,https://drive.google.com/file/d/1S7M8U78yHZOdiOXTRzmMpVhyeYw88r7j/view
HEE-054,Manhattan,10,https://drive.google.com/file/d/1g2ffbuALnPXipRauCxV2_z2-XpCA3jmd/view
HEE-054,Manhattan,11,https://drive.google.com/file/d/1QN4Z5gSGjvbH0SkBacXJSODNMJB4XYfH/view
HEE-054,Manhattan,12,https://drive.google.com/file/d/16hqLkLy76pwMaQvEFacP8AkI4QRwO9IE/view
HEE-055,Marrakech,1,https://drive.google.com/file/d/1-gmq2hjQmFhGdXZjYW_bITT5yyucjjYE/view
HEE-055,Marrakech,2,https://drive.google.com/file/d/1o4d0C5eXnpHeOBKmWqhc_SfbBeeZv9YL/view
HEE-055,Marrakech,3,https://drive.google.com/file/d/1T6XjjsooWruRRqFwsYjbEoMBcvmIgFEZ/view
HEE-055,Marrakech,4,https://drive.google.com/file/d/1_Cp4dzcuypHCS_UClpYt1QIB3pGzsTUg/view
HEE-055,Marrakech,5,https://drive.google.com/file/d/1iNsrvesu8IR88L9Sjsyz4yFTNHnTYSUF/view
HEE-055,Marrakech,6,https://drive.google.com/file/d/1fcfuX2FEvwhgl_fiWkVWGdq8TBDmEo-L/view
HEE-055,Marrakech,7,https://drive.google.com/file/d/10gDJeSZe4mMmdeyQYX_HqyfmVkzMg9zW/view
HEE-055,Marrakech,8,https://drive.google.com/file/d/1hzLVURKwCvuRXUYGO2CCETSbf4YVUt8P/view
HEE-055,Marrakech,9,https://drive.google.com/file/d/1hrfdrcV6GvwyjLKBzkg5wBiXWAcdMJMo/view
HEE-055,Marrakech,10,https://drive.google.com/file/d/1R2BWgT5mxufS4JZW2NtbPfAWDI5W_GPQ/view
HEE-055,Marrakech,11,https://drive.google.com/file/d/15sis4lTVPquue0YPLYzYoCymKeZQDuh7/view
HEE-055,Marrakech,12,https://drive.google.com/file/d/10pRRRhlWCi9wuAQLwb0wD6Y4tD5yh3m6/view
HEE-056,Messico,1,https://drive.google.com/file/d/1I_keLqps_VZJOIUcO1FnpDR9k4Dq3TYw/view
HEE-056,Messico,2,https://drive.google.com/file/d/1bhq-DosCqXoBxi4p6_nT4Eb16MVHoXGP/view
HEE-056,Messico,3,https://drive.google.com/file/d/1m-G2pjmKCZpoprpdo8bJcuBbE9HGNyI3/view
HEE-056,Messico,4,https://drive.google.com/file/d/10PNZiCP2rluMKb0itkRKkEtxpxYOs-XV/view
HEE-056,Messico,5,https://drive.google.com/file/d/1WCTy762qg7gR1M7bzgKGZ5YAcz28q5NM/view
HEE-056,Messico,6,https://drive.google.com/file/d/1181RaUxKf3HtkjCDwFu8VpUUMa97JmM3/view
HEE-056,Messico,7,https://drive.google.com/file/d/112Wld5i5_aWuunj0fghvISR_XRBJSG9r/view
HEE-056,Messico,8,https://drive.google.com/file/d/1FZTWxDEVb1seQEDSifsloXn2_6cpQnpG/view
HEE-056,Messico,9,https://drive.google.com/file/d/1W4MkPyJbkW8buguOJmlG4TG0Xpfu5lUv/view
HEE-056,Messico,10,https://drive.google.com/file/d/1Rb9cROX11Y0VXUWQ0js3IZlQyF2ThXVF/view
HEE-056,Messico,11,https://drive.google.com/file/d/1uJ3iOPf-5JRCKIEZU6RxRatecEeG1hT3/view
HEE-056,Messico,12,https://drive.google.com/file/d/1mei0924tYxvAq6HRwEWwHYabEU4zwzQl/view
HEE-056,Messico,13,https://drive.google.com/file/d/1sg6wX2pN3kVS3J-uCyFA1GSpa8altAhH/view
HEE-056,Messico,14,https://drive.google.com/file/d/1OburUkg8izbEPhaB1_7CguLLJUA80BLV/view
HEE-056,Messico,15,https://drive.google.com/file/d/1US8sBMkgqf9AGK-ItFmWfJOOqV1xdtWc/view
HEE-056,Messico,16,https://drive.google.com/file/d/1_9g4n1xiDBlCDkmTtVkvHwELe4gTIfmt/view
HEE-056,Messico,17,https://drive.google.com/file/d/1bMR8jsn0MjSUVOdwr2DPusH2FHfdMj8y/view
HEE-056,Messico,18,https://drive.google.com/file/d/12TzP0meYPwKA6Nml0HHGHwHQxiLEZTUc/view
HEE-056,Messico,19,https://drive.google.com/file/d/1aA8SZ4VCnFRpUNMQvkUMl8xXrdeaZqC5/view
HEE-056,Messico,20,https://drive.google.com/file/d/1Suqx2Z2pOMYRF4ukuY2F_cbdS3mLH7jG/view
HEE-056,Messico,21,https://drive.google.com/file/d/1S7M8U78yHZOdiOXTRzmMpVhyeYw88r7j/view
HEE-056,Messico,22,https://drive.google.com/file/d/1g2ffbuALnPXipRauCxV2_z2-XpCA3jmd/view
HEE-056,Messico,23,https://drive.google.com/file/d/1QN4Z5gSGjvbH0SkBacXJSODNMJB4XYfH/view
HEE-056,Messico,24,https://drive.google.com/file/d/16hqLkLy76pwMaQvEFacP8AkI4QRwO9IE/view
HEE-057,Miami,1,https://drive.google.com/file/d/1XRnJbZgLc4e5d6vKZvF_0wacaFb1D1XG/view
HEE-057,Miami,2,https://drive.google.com/file/d/1ugoLtVR4FfOkrErgvcLyWnfQPw2nKDG2/view
HEE-057,Miami,3,https://drive.google.com/file/d/1gnp6sLhMftpKvMfvS7AJ_2xvAAr5N4uZ/view
HEE-057,Miami,4,https://drive.google.com/file/d/1XoijLKPOnO3jddODlFGO97DYsE9bIHE1/view
HEE-057,Miami,5,https://drive.google.com/file/d/1otPu586HSN2yZOPn-eZAy_plVbF--Nxj/view
HEE-057,Miami,6,https://drive.google.com/file/d/1zUjfEq4Hdh1hBYxAiyb-wSJAfEU8k2Sx/view
HEE-057,Miami,7,https://drive.google.com/file/d/1KyvCqHb47u_3dGBNAkiZLOnpYbt_2xN5/view
HEE-057,Miami,8,https://drive.google.com/file/d/1wpcxTuFuUea4CeE_4rUfSVAu_D7k7_tN/view
HEE-057,Miami,9,https://drive.google.com/file/d/1TRf3jo-8BXWxCxE8U5iRe5j8CFLx0fv5/view
HEE-058,Minorca,1,https://drive.google.com/file/d/1dcfHE3Bxuj-7Pol7YwQirHtOk8Y8cJep/view
HEE-058,Minorca,2,https://drive.google.com/file/d/1a1GgtqQfYaz3Q-HfhqTt4zoGdaRm8g1G/view
HEE-058,Minorca,3,https://drive.google.com/file/d/1_0Lf0bodIP5jkGaX23qD-qy0P9mBrwEH/view
HEE-058,Minorca,4,https://drive.google.com/file/d/1nmmXoluBIADmzQY9HWuFLogKiIHNZjRA/view
HEE-058,Minorca,5,https://drive.google.com/file/d/1RcGb_3rqGbnNXJCrITR1U-_7y1VkMrez/view
HEE-058,Minorca,6,https://drive.google.com/file/d/1uyFPSO32lLxcTS2whzfaA4gqVoE0MOwM/view
HEE-058,Minorca,7,https://drive.google.com/file/d/1RIxG2Y9-_mpRePhVam1jYd-R-PywaWzz/view
HEE-058,Minorca,8,https://drive.google.com/file/d/15t0FS6Epeq2TVzIuX0uTP40Hra1Q5Uo5/view
HEE-058,Minorca,9,https://drive.google.com/file/d/1nTWOr8uzHdJKAE9oDUhuu8ICFm1z_cpb/view
HEE-058,Minorca,10,https://drive.google.com/file/d/1G29Ycv91APLyZqtimQ1adrEzWeKdmhhC/view
HEE-058,Minorca,11,https://drive.google.com/file/d/1HSyziph2nBNNq9lvTe8XRb9O4feqcNeZ/view
HEE-058,Minorca,12,https://drive.google.com/file/d/1LaC5MNc4pYY7Qb7nsSuNWBFvOWZAKU8S/view
HEE-063,Nairobi,1,https://drive.google.com/file/d/1ADasfDYwcOM_ULCCji6kF1MwrXF-zkvr/view
HEE-063,Nairobi,2,https://drive.google.com/file/d/10uXTLoiKG1cjRSm7-kPFqTw20wNDwU0e/view
HEE-063,Nairobi,3,https://drive.google.com/file/d/1YyU9YuIC3gS4HCSMb-bcon9PXtFOBtte/view
HEE-066,Nizza,1,https://drive.google.com/file/d/1OTt8iAJBu0URteHvnKtJbSD23YC7EW6H/view
HEE-066,Nizza,2,https://drive.google.com/file/d/1R3XA4gHhv9aaGXi0GkrF7ybZyf1rXHwt/view
HEE-066,Nizza,3,https://drive.google.com/file/d/1mIkxVqJxGgK9TwqoIDw61sGqYAQbOrMn/view
HEE-066,Nizza,4,https://drive.google.com/file/d/1Qqvv2fVVDncbQ2hg8H3ahmE-lmg-aZB5/view
HEE-066,Nizza,5,https://drive.google.com/file/d/1eJQ-WezuR5w1Pa2DKyV_CFCmmVLgjXmG/view
HEE-066,Nizza,6,https://drive.google.com/file/d/1eECen8d3zjaqRssU7rdUK58jXjKuO1Ed/view
HEE-066,Nizza,7,https://drive.google.com/file/d/16ppLsximMMl_4n76lWcvLu640U1KeWpp/view
HEE-066,Nizza,8,https://drive.google.com/file/d/1KVBq_YQdC91E4ffrgIuQL_zTDHNsqhoB/view
HEE-066,Nizza,9,https://drive.google.com/file/d/1KoJnrOd7e5umJ1wasPd1rqBWpvolh1z2/view
HEE-066,Nizza,10,https://drive.google.com/file/d/1VmXFhbeOFZiuIMbpq-Bq8BHyxfS-AIQ7/view
HEE-066,Nizza,11,https://drive.google.com/file/d/1V6iO3Ls1LW6YLeI7Ghg6-JtS1xVZYmlp/view
HEE-066,Nizza,12,https://drive.google.com/file/d/1GnbpCNEPifWcwJjuX4uYi0vNzeMkGf7r/view
HEE-066,Nizza,13,https://drive.google.com/file/d/1Ay087Wr4KQ3_gWwU_E7E21-glxg_rVbs/view
HEE-068,Osaka,1,https://drive.google.com/file/d/1uyFPSO32lLxcTS2whzfaA4gqVoE0MOwM/view
HEE-068,Osaka,2,https://drive.google.com/file/d/1RIxG2Y9-_mpRePhVam1jYd-R-PywaWzz/view
HEE-068,Osaka,3,https://drive.google.com/file/d/1MKHu9py6vYya3n2AMJEE-4xir46mkqq0/view
HEE-068,Osaka,4,https://drive.google.com/file/d/1uZJHMgRbNQ3i1ZNEB4rw2_IQzLdJxf52/view
HEE-068,Osaka,5,https://drive.google.com/file/d/1_N9EnYcBbgqvTl8nkBBkrR4GN9Z-v87c/view
HEE-068,Osaka,6,https://drive.google.com/file/d/1Bsj6BkeHGHwje2xPO17RFRimcaafIKRr/view
HEE-068,Osaka,7,https://drive.google.com/file/d/1Ar5UNydj2thfDOjjixxa7E6oWlvTcQze/view
HEE-068,Osaka,8,https://drive.google.com/file/d/1QyOkNin5SpZVbEl8qGOo0THvcrKn3MCZ/view
HEE-068,Osaka,9,https://drive.google.com/file/d/1FMym1qJonDo0XxFdTwhxtvC3kNiC7d2K/view
HEE-069,Oslo,1,https://drive.google.com/file/d/1ekt5fbXW7jyheE6kjjuURUzzMy3r_YMt/view
HEE-069,Oslo,2,https://drive.google.com/file/d/1jJBDf_2uQnRmO5q_S5Tg_prVFO47H3Zw/view
HEE-069,Oslo,3,https://drive.google.com/file/d/1dZnPasqjJRQXAGavPlBXZYwkD6m1iIsr/view
HEE-069,Oslo,4,https://drive.google.com/file/d/1T-TmgtSDDzflA1nTmlmJ2QAn-CWBacxd/view
HEE-069,Oslo,5,https://drive.google.com/file/d/16blvsn-bxiWpx2GWVHRnA0zQILNHQnoW/view
HEE-069,Oslo,6,https://drive.google.com/file/d/1yNbIG8fD0Nqatr-rHlp-ThyahOXhuO1z/view
HEE-069,Oslo,7,https://drive.google.com/file/d/1xVnibMQJiLam9AKqQDQqS8JHdc_WPGD2/view
HEE-069,Oslo,8,https://drive.google.com/file/d/1qdU1q_itBCX52g_DPIlety6int8fwvbi/view
HEE-069,Oslo,9,https://drive.google.com/file/d/1Nc9GS3vf9kveUo8t_HDYj1GIisvWiCeK/view
HEE-069,Oslo,10,https://drive.google.com/file/d/1Lr0D4UklQrrpBBJt1BQjRaUUJjgPT4Nw/view
HEE-069,Oslo,11,https://drive.google.com/file/d/18k0tFdf1-KMb6rCuEjHfBtL3SShtU_vA/view
HEE-069,Oslo,12,https://drive.google.com/file/d/1ee1w96cTMtDtLS5D-VUfXC9SDTwyY7kz/view
HEE-070,Oxford,1,https://drive.google.com/file/d/1_WxMs_8V1K6_9MyPTUjNE2sWm_9MQnxS/view
HEE-070,Oxford,2,https://drive.google.com/file/d/1cBCl9jacXJxYPl4NNAzCB1NiBvj97X1m/view
HEE-070,Oxford,3,https://drive.google.com/file/d/176q1D-W8YoaIOEq8wA0NNAVGGHUTpnFw/view
HEE-070,Oxford,4,https://drive.google.com/file/d/1T7uvtQ0-7L9rd2jOlMrR_0zVmt54HPPP/view
HEE-070,Oxford,5,https://drive.google.com/file/d/1p0Y0te3-469wwKmM_Pejj8n8g8HDV8YO/view
HEE-070,Oxford,6,https://drive.google.com/file/d/1CMK0xtD9272pf8NfQ5dBIn1uQW9B7LeT/view
HEE-070,Oxford,7,https://drive.google.com/file/d/15dr6EbQXtcEmqG5G6ob9oGLLKCoNQl6q/view
HEE-070,Oxford,8,https://drive.google.com/file/d/17k3TPN2We8QvF1ssXnVSBfnXJYi6gSbK/view
HEE-070,Oxford,9,https://drive.google.com/file/d/1YqFdpRQGPnF_sneHKQgtcxEpAwAb34M5/view
HEE-070,Oxford,10,https://drive.google.com/file/d/1G43UB_NLC3tlC4Y0_uwuU1m6Fzjm-qdv/view
HEE-070,Oxford,11,https://drive.google.com/file/d/1KFBuGRZ_DhgsKQIfCRGUmVb5fLn4KD5s/view
HEE-070,Oxford,12,https://drive.google.com/file/d/1uDlNiobUhyjbI0vlpzsE7mb6c9FOLRun/view
HEE-072,Parigi,1,https://drive.google.com/file/d/1J_e3WQR0m509ixfuyyOp1k8v5VHLtn91/view
HEE-072,Parigi,2,https://drive.google.com/file/d/150T4tCbG2mT3SRSCi-jBDXXMWZP_LW2w/view
HEE-072,Parigi,3,https://drive.google.com/file/d/1y9vzCxeid2lw-DjqKIQQlKVg8kdf9dJr/view
HEE-072,Parigi,4,https://drive.google.com/file/d/10nSuewuOkkPcjwRSiU11TCxl57Yp6aw3/view
HEE-072,Parigi,5,https://drive.google.com/file/d/1GyGA4X4JpYNYRzM2LB14JQuVuTColDql/view
HEE-072,Parigi,6,https://drive.google.com/file/d/1nMu-mxdfUF7ks5REqYwqwNtSm91X6EjK/view
HEE-072,Parigi,7,https://drive.google.com/file/d/1rA1XA5Vfc9FPYcNfZb-W_hkKC4dFToj0/view
HEE-072,Parigi,8,https://drive.google.com/file/d/1cK8oWmlvsnfdya3wd-YjBCI2VpUabk-n/view
HEE-072,Parigi,9,https://drive.google.com/file/d/1VqD142yLLAJDbaKEfaP0vcRyMU6Hgbnd/view
HEE-072,Parigi,10,https://drive.google.com/file/d/15mUR36NgB1o_VUJLQ8F9Amo7YuPcRehh/view
HEE-072,Parigi,11,https://drive.google.com/file/d/1uONM4aq9cmfrfJiEBb3MEp8hYIkUPgzV/view
HEE-072,Parigi,12,https://drive.google.com/file/d/1HyL7SRc6hPsAwEn6-wiDiktCXQ7WNk4X/view
HEE-073,Pechino,1,https://drive.google.com/file/d/1SSU6McNFmTUE3cdrF7Qe85uIHQA_QaWm/view
HEE-073,Pechino,2,https://drive.google.com/file/d/1GzKpHKomKCw9mTfkaWm8m22G4OXu2AG4/view
HEE-073,Pechino,3,https://drive.google.com/file/d/1riHoNHHGp6lv22O_HEfif_QiRpP-JtvL/view
HEE-073,Pechino,4,https://drive.google.com/file/d/12zoQ7WjDwCNWx1CZ83zMVAiiNzMwHYVa/view
HEE-073,Pechino,5,https://drive.google.com/file/d/1coxted2EYlSdxQ8OOHI3qpVR82rnM_h9/view
HEE-073,Pechino,6,https://drive.google.com/file/d/1BHZjbwOefztPB-k4ebyCz3u944YTcJ-J/view
HEE-073,Pechino,7,https://drive.google.com/file/d/1LcPNltHryGYmNTqJl8JkfzjLHkIyAQL5/view
HEE-073,Pechino,8,https://drive.google.com/file/d/1lLzmfXHr2WRP0fkuNQmSP2QSu-2gi3uM/view
HEE-073,Pechino,9,https://drive.google.com/file/d/1aBFa7yA2br31mH-HKNY2kMVhg4qsWlJu/view
HEE-073,Pechino,10,https://drive.google.com/file/d/1gp7WLyq5y14qY0WzkXayMVQLKEmRsht2/view
HEE-073,Pechino,11,https://drive.google.com/file/d/19BfO6BGz3w_PtC19Dxv3RXG0n21CovYc/view
HEE-073,Pechino,12,https://drive.google.com/file/d/1eKzJBSUKWWONVc_fVJA8et3fODHmt5tN/view
HEE-073,Pechino,13,https://drive.google.com/file/d/185L3KnI0Dg4jEYEicFWSzKQeNht02YFC/view
HEE-073,Pechino,14,https://drive.google.com/file/d/1uYTzHvXPCwOFr0k_LJN18els4-TEDbE-/view
HEE-073,Pechino,15,https://drive.google.com/file/d/12TXlkTCCjdgjpofbkEQILc_qBGzz8-cp/view
HEE-073,Pechino,16,https://drive.google.com/file/d/1qcqzwu9hYSjnIqYfxqGSmzRUrQUJguvx/view
HEE-073,Pechino,17,https://drive.google.com/file/d/1Hwstpy_AEkrrYMVHI5trApCykPN9PsAZ/view
HEE-073,Pechino,18,https://drive.google.com/file/d/1o6iaSwsCImNxBiRF2SmH7vXvZIob9OCO/view
HEE-073,Pechino,19,https://drive.google.com/file/d/15bB_3VoccuVggxqVIbTFqtdK4DcKOi5c/view
HEE-073,Pechino,20,https://drive.google.com/file/d/1No0x-9J8mRTQKB7MLZ7VNPHZHDhtx2ma/view
HEE-073,Pechino,21,https://drive.google.com/file/d/1qH_b_6KBcyDpZ_iYuv1WZECAHyRBgVSJ/view
HEE-076,Rio,1,https://drive.google.com/file/d/1zPByMpczzuTiSivIMZKD2ZQBMfGgCX35/view
HEE-076,Rio,2,https://drive.google.com/file/d/1ZnXxo97mQqkQBo29dnh1atDt7kICoa0J/view
HEE-076,Rio,3,https://drive.google.com/file/d/1LdE9zzdMjX4i1CUcxrr3X61em_2N-hsa/view
HEE-076,Rio,4,https://drive.google.com/file/d/1e8QCqiVhVSVUjr-ihv8IVOB0eauGvbCw/view
HEE-076,Rio,5,https://drive.google.com/file/d/1T51hf169JdHjP5DIJV3LWxFTmgU95CVj/view
HEE-076,Rio,6,https://drive.google.com/file/d/1dRXuDn9nXaD-CQacnwXlSNt7BgvSNmFv/view
HEE-076,Rio,7,https://drive.google.com/file/d/1kgHibjThngCuNeOkvgqLI2_9VSxnI98W/view
HEE-076,Rio,8,https://drive.google.com/file/d/1PF94_Wj8MQjuK2cno0mfMYfOXzARwjut/view
HEE-076,Rio,9,https://drive.google.com/file/d/1xYAsMOxWKOreqkTAlxZ80to_hEzy1Bce/view
HEE-076,Rio,10,https://drive.google.com/file/d/11X9G2cLnNaQOSDD8Yvyl76HmdvguqkUO/view
HEE-076,Rio,11,https://drive.google.com/file/d/1CpE8nItyuwevhpMnyAdXAPScCrZ58PoZ/view
HEE-076,Rio,12,https://drive.google.com/file/d/1dq-0D1z8STuAKv0cdF_MsBMPEHuAaYyT/view
HEE-076,Rio,13,https://drive.google.com/file/d/1FbzLBIzafns4e4-ZqMcdJ2dvhZlbLPIF/view
HEE-076,Rio,14,https://drive.google.com/file/d/1hBVPvNi1HRMl4vhe-HN7EHEyDWBCtj-m/view
HEE-076,Rio,15,https://drive.google.com/file/d/1u-7lzFUu43YRiRK9nd98cDaYufDKiR8a/view
HEE-076,Rio,16,https://drive.google.com/file/d/17-6FWb8K4UdJhTFU8I3Dka4bkaTeYOs6/view
HEE-076,Rio,17,https://drive.google.com/file/d/1Ldi_5flJuNfLEKVyw4h0toyYKivCrYma/view
HEE-076,Rio,18,https://drive.google.com/file/d/16AS34OWZCZlbTVORwqAHXnWbDeGtoek8/view
HEE-078,Sal,1,https://drive.google.com/file/d/1BkRdWoDhbqIinjj2K7iBUB8KNy3i9lf1/view
HEE-078,Sal,2,https://drive.google.com/file/d/1f-TtiUMtH_SUC4GUxAZocNttMWY_-2cT/view
HEE-078,Sal,3,https://drive.google.com/file/d/16nsA7xhqbgIhchOpwtI1xW6ScqYLfWZ9/view
HEE-078,Sal,4,https://drive.google.com/file/d/1Ks6t9K7OPuG3-bYkmzrOHnf8CNiwUJ2s/view
HEE-078,Sal,5,https://drive.google.com/file/d/114pvhmfOtEH3AqIszPVecND9Uv0wlIsK/view
HEE-078,Sal,6,https://drive.google.com/file/d/1psfTHKf4u2qLD2j58vvOZ_xCIKgvG9yA/view
HEE-078,Sal,7,https://drive.google.com/file/d/1vdI7xX6tJt1wzqlWjC1XeuHFhb9EBlCp/view
HEE-078,Sal,8,https://drive.google.com/file/d/17z5TNXXFOy_lmiVKTpLv4qJh05ZWWvMT/view
HEE-078,Sal,9,https://drive.google.com/file/d/1ylDWbFHVpklsykZi74Sa0UIDHjC2uSfJ/view
HEE-078,Sal,10,https://drive.google.com/file/d/1LCGJMHKZ-gDzkPWnPEvpRM9wuxW_WOzl/view
HEE-078,Sal,11,https://drive.google.com/file/d/1OzTgdrBODTg-gl16GzNzzprJhGDC6jJ9/view
HEE-078,Sal,12,https://drive.google.com/file/d/17Smt7zX27Ep9BJdeigAiFch9UJAQ9fjX/view
HEE-079,San Diego,1,https://drive.google.com/file/d/1qFC0tHUkEBVLE_8trNfp7byh55f4pJlJ/view
HEE-079,San Diego,2,https://drive.google.com/file/d/1ApI3wuq2u7sw3iC75J0tCqbfSPKVvUEx/view
HEE-079,San Diego,3,https://drive.google.com/file/d/1RKNEiWtdzGyNnt-sqTotvuMsfJ7GgHTB/view
HEE-079,San Diego,4,https://drive.google.com/file/d/19COhI5lWZTU0wS32Qc2CSS8982cZLcG0/view
HEE-079,San Diego,5,https://drive.google.com/file/d/17gwTEgsI9vk7bH4WoWtlV475nf07qGmz/view
HEE-080,San Francisco,1,https://drive.google.com/file/d/1W7x5o04KhF7zp-mfMSaoDMeUqYL7ftD8/view
HEE-080,San Francisco,2,https://drive.google.com/file/d/1-qQfIfd-kvf6FOwFvwL38OqNyCkZ9ip1/view
HEE-080,San Francisco,3,https://drive.google.com/file/d/1yQm5wAtGs2ZjdfmliKDkXjd5JaEqrIrE/view
HEE-080,San Francisco,4,https://drive.google.com/file/d/1IQdxaOjqQXzU1Ql-aDWIhynBTlcjuap0/view
HEE-080,San Francisco,5,https://drive.google.com/file/d/1nSwE-LMNTvYZiHaEZuPH4iPVxX0bWI51/view
HEE-080,San Francisco,6,https://drive.google.com/file/d/1iBryEzjygAvpGD6vWaul_Ebbb6ZEERU7/view
HEE-080,San Francisco,7,https://drive.google.com/file/d/1_0Lf0bodIP5jkGaX23qD-qy0P9mBrwEH/view
HEE-080,San Francisco,8,https://drive.google.com/file/d/1nmmXoluBIADmzQY9HWuFLogKiIHNZjRA/view
HEE-080,San Francisco,9,https://drive.google.com/file/d/1RcGb_3rqGbnNXJCrITR1U-_7y1VkMrez/view
HEE-080,San Francisco,10,https://drive.google.com/file/d/1Kl9qvqzEwfoKwqlp5fUVslBU7srs5ngb/view
HEE-080,San Francisco,11,https://drive.google.com/file/d/1RYguzcJYo1eV8y8mipE16Kz4ZfLjBJeK/view
HEE-080,San Francisco,12,https://drive.google.com/file/d/18SzXP-6xYwLQwXRyZthWLmemHenPLZhf/view
HEE-082,Singapore,1,https://drive.google.com/file/d/1OMUtx4dfT18n9fnqk1OJd2hB7N7Gr5Ff/view
HEE-082,Singapore,2,https://drive.google.com/file/d/1WVxIJKEXXzyQo6FQOcZCTd7HFlG0cOgt/view
HEE-082,Singapore,3,https://drive.google.com/file/d/18Sp_9yNALcGL8t41fkwQVeeiTDYMH_dS/view
HEE-082,Singapore,4,https://drive.google.com/file/d/1qgeceg727TTxTqLr4T_w6TpUtrdN7uzv/view
HEE-082,Singapore,5,https://drive.google.com/file/d/1RgHBrC7BTAgVeGVyZ-XIBvXJydvHH_9E/view
HEE-082,Singapore,6,https://drive.google.com/file/d/1LaC5MNc4pYY7Qb7nsSuNWBFvOWZAKU8S/view
HEE-082,Singapore,7,https://drive.google.com/file/d/1zGgefJEKJG5EaAwJNnCd93qoVb3v67WV/view
HEE-082,Singapore,8,https://drive.google.com/file/d/1-lAVB9JvsefZE7dVNIeLnfXhEzOYReDa/view
HEE-082,Singapore,9,https://drive.google.com/file/d/1GnOZ3gQNz-siBDfQO_3-S92Z75IQ_H45/view
HEE-082,Singapore,10,https://drive.google.com/file/d/1Ds4Wo8TqNlZwDAKL9fyGqG-Tubm7hDdl/view
HEE-082,Singapore,11,https://drive.google.com/file/d/1scmm8EeiJe3hMqUaYRmO_Zwrv3eFKdLs/view
HEE-082,Singapore,12,https://drive.google.com/file/d/1BGaig9REkWaK8i1GVc2n5wH7yNu-jBs6/view
HEE-083,Siviglia,1,https://drive.google.com/file/d/14n0m-SqW85TkloNRN1pK4v2qF4Q7ZWxJ/view
HEE-083,Siviglia,2,https://drive.google.com/file/d/1Sm1OSA80eqG9_odULwK7nxH655ASFrcx/view
HEE-083,Siviglia,3,https://drive.google.com/file/d/1BVbI5HOh4HdKYCbSUUz6r7D1MURvneLS/view
HEE-083,Siviglia,4,https://drive.google.com/file/d/1rjc1i0CxICSYLaAIFeUjM3vcGlShGt64/view
HEE-083,Siviglia,5,https://drive.google.com/file/d/1ok1y-P1ynTkgdZUx2QNNeNRCZ5kfDrRw/view
HEE-083,Siviglia,6,https://drive.google.com/file/d/147pbU_Y459gKRFiZVZnaFwI7wjhWKVUe/view
HEE-083,Siviglia,7,https://drive.google.com/file/d/1t0bqiU8lDXgnYadsDzsjY34lKNFtpKNy/view
HEE-083,Siviglia,8,https://drive.google.com/file/d/1EVmW1JFtSy2vljWdExX0c57gsriO-RgI/view
HEE-083,Siviglia,9,https://drive.google.com/file/d/1B3dJvJyQFJKLnJl--sOJMEMFMWLwi0t7/view
HEE-083,Siviglia,10,https://drive.google.com/file/d/1Nidoh-lfNR5yxnb6_NZrzs_ypu9nLjjQ/view
HEE-083,Siviglia,11,https://drive.google.com/file/d/1s2SQWT6noSpLtx9vokYA54wCKVBKxaK-/view
HEE-083,Siviglia,12,https://drive.google.com/file/d/1Kp_OgEkVWQ1lysrzJ52X7XEGqjBcFQx_/view
HEE-085,Taormina,1,https://drive.google.com/file/d/1KdInHNfizwLRX22HcEaKrDYGYU8QFS77/view
HEE-085,Taormina,2,https://drive.google.com/file/d/1fsVglRH-j82GyLxSgI8HOy_EkLLRtZeg/view
HEE-085,Taormina,3,https://drive.google.com/file/d/1Ng8ts3gHwHLnNRwY40Lo6CG0E8-hr2Kd/view
HEE-085,Taormina,4,https://drive.google.com/file/d/1Pi4VL5dFHSqahNe_v8gJ9ky9Nsda4CpY/view
HEE-085,Taormina,5,https://drive.google.com/file/d/1ZX_H5gBSFMIT8tIpyO1X_B8u1c4f64Lr/view
HEE-085,Taormina,6,https://drive.google.com/file/d/1EeiM_Ql6RSH4nf5lfn6jMUudMQZH5FGC/view
HEE-085,Taormina,7,https://drive.google.com/file/d/105M44bd6Uw3UrIhjHecRn0wRynUuGVoj/view
HEE-085,Taormina,8,https://drive.google.com/file/d/1VQDW9z-RvjC_4lfGwwFWna8_XKnTGWzq/view
HEE-085,Taormina,9,https://drive.google.com/file/d/1txfEbNoPeORekfMj7bwTla4MKL4WHTuE/view
HEE-085,Taormina,10,https://drive.google.com/file/d/1Np5O6RIQOWKwMp9Jmnuz8vIZ4VPeV0Wb/view
HEE-085,Taormina,11,https://drive.google.com/file/d/16ua9PO6iBT9ZjDEavVszwSiZsX_ZFUR3/view
HEE-085,Taormina,12,https://drive.google.com/file/d/1ynMrmzpsY-kyVp7B0K7OHhC-KLNf9Pps/view
HEE-085,Taormina,13,https://drive.google.com/file/d/1IOjl3TOymZiBX_1gtmuZhJ_K2B5Kdwkl/view
HEE-085,Taormina,14,https://drive.google.com/file/d/1ZoowuLV4kT_yr4nVUfIa6SwWRvM1Um_r/view
HEE-086,Tenerife,1,https://drive.google.com/file/d/1ZQOXDRQ9G_I9Tmm1WigUa2ElAne6VsSL/view
HEE-086,Tenerife,2,https://drive.google.com/file/d/1s8V61Yd8XgGYou8GngpEOyeyb9qUSHAH/view
HEE-087,Tokyo,1,https://drive.google.com/file/d/1VM44cSJc8Uvtve3nm8hPDDhzA2spmbRu/view
HEE-087,Tokyo,2,https://drive.google.com/file/d/1DZwJk819ZiIV82q5X-yQOvffye57joHP/view
HEE-087,Tokyo,3,https://drive.google.com/file/d/1R45BhGKTKhZ5Mwj8z3t4v5aZ5NF_wyjo/view
HEE-087,Tokyo,4,https://drive.google.com/file/d/1ECrXLEJN_T7E96n58muSlfcS6CeBFjWr/view
HEE-087,Tokyo,5,https://drive.google.com/file/d/1QGa2NqVYKID6gksBIjQiwTe4jo709E7t/view
HEE-087,Tokyo,6,https://drive.google.com/file/d/1wgda6peIhgdkMkGkkIDW8mRqitZxUZto/view
HEE-087,Tokyo,7,https://drive.google.com/file/d/1Zz3-6PbPHZkM3MRdRjuLLwTBSvvJuzyc/view
HEE-087,Tokyo,8,https://drive.google.com/file/d/1lKIhs8ssfRNrCtgsWWZE5N0V66x6Im4A/view
HEE-087,Tokyo,9,https://drive.google.com/file/d/1hbv3lpWrJyBkdHvhWbxE8D_AP1llYdva/view
HEE-087,Tokyo,10,https://drive.google.com/file/d/1e9rDXPP8jpeJ0skj5kBN4SIydWCAD61L/view
HEE-088,Toronto,1,https://drive.google.com/file/d/1QOu5F7Q5MWMkwf7B6QOclvtPtufPEswF/view
HEE-088,Toronto,2,https://drive.google.com/file/d/1Q835e2gLe0wxg5UoZzjVqr6LddT4HcQm/view
HEE-088,Toronto,3,https://drive.google.com/file/d/1zjCTdqCdw6_zpOPonWWUsaSvrigRaOdP/view
HEE-088,Toronto,4,https://drive.google.com/file/d/1FmltjtGSIO2y1XcSjN8afAiFm5IwIY-t/view
HEE-088,Toronto,5,https://drive.google.com/file/d/1AaLzGGdVnwOpgUtceowL53JTfrIFlzSC/view
HEE-088,Toronto,6,https://drive.google.com/file/d/1RDbkxdoJbGD0waFhI_UGTpjnuC_I8w5z/view
HEE-088,Toronto,7,https://drive.google.com/file/d/1lPgpYGgDFgZrznQBEABSC6gFSb_8ku5t/view
HEE-088,Toronto,8,https://drive.google.com/file/d/1kX0jHMXBCfshRPCbcQ9_QaC9J3cFrHci/view
HEE-088,Toronto,9,https://drive.google.com/file/d/1FwOjFceoRRRgpt11RxKMlcIG_6Fzbt4C/view
HEE-088,Toronto,10,https://drive.google.com/file/d/1GTQep5E2cyMM3tZFSBEUoCqujmCEWfXL/view
HEE-088,Toronto,11,https://drive.google.com/file/d/10I3CuicX1ELZfNKVQpvCPvyLeA1SsZKV/view
HEE-088,Toronto,12,https://drive.google.com/file/d/1de7Nc0NfanJGh87RP6JoGd9QwWEL8t1j/view
HEE-089,Venezia,1,https://drive.google.com/file/d/1H1Yyr07agM6DsJoBVH9EczXonZ19uD8Z/view
HEE-089,Venezia,2,https://drive.google.com/file/d/1fP6kZf8Z5KMjq3SZQ4oh5p-c_BkC0RRJ/view
HEE-089,Venezia,3,https://drive.google.com/file/d/10sBCPTA00OLaLY7Zbgih8zCI_IqNseYW/view
HEE-089,Venezia,4,https://drive.google.com/file/d/1wNBnj2rzlg1PhgDjEOx0_VnfRR5eW1VD/view
HEE-089,Venezia,5,https://drive.google.com/file/d/118BdDFumfJplU-T7VA4W886MlbPPxxp_/view
HEE-089,Venezia,6,https://drive.google.com/file/d/1UyCWAq-PtKAGNAr69cVEZaATfFjBL_l7/view
HEE-089,Venezia,7,https://drive.google.com/file/d/1m8sGalufUZ_aq3xvUli9p0RY5itIxGff/view
HEE-089,Venezia,8,https://drive.google.com/file/d/1sVxGBsR0104RmUQmV9G4Ub_sQviP-Z4g/view
HEE-089,Venezia,9,https://drive.google.com/file/d/1H-Q6dCwzDLxBfxw9ybswo-CVzEFQqHBL/view
HEE-089,Venezia,10,https://drive.google.com/file/d/1LNudCA53rKujgixDvo3QSKfY57uVw_2h/view
HEE-089,Venezia,11,https://drive.google.com/file/d/1thmjmNuZ9a8v_E37lgPX_0SX6HDTA1F6/view
HEE-089,Venezia,12,https://drive.google.com/file/d/1N_4BQ5BgQfLzVS1U28t4ewCxeIRC3TqM/view
HEE-091,Vienna,1,https://drive.google.com/file/d/1-jZaTI96FOH6jkGvwtTZWKsHxvNexo-v/view
HEE-091,Vienna,2,https://drive.google.com/file/d/1MdC_jjSm0Z5_-5Az0VvCp-MxnTk53h_1/view
HEE-091,Vienna,3,https://drive.google.com/file/d/1lQO53DXD6PGi-qvuIXAf6fJodYVRALNW/view
HEE-092,Virginia,1,https://drive.google.com/file/d/19COhI5lWZTU0wS32Qc2CSS8982cZLcG0/view
HEE-093,Zurigo,1,https://drive.google.com/file/d/1af_UNnoxx0mfkrDJVCuXCGrmvagkwtSb/view
HEE-093,Zurigo,2,https://drive.google.com/file/d/13Uc0W2VO13JaCXOOou0ZsnvHrNlAfhSV/view
HEE-093,Zurigo,3,https://drive.google.com/file/d/1K77cdq0QblwpiA0bH9VGlt6DKnhrPeKi/view
HEE-093,Zurigo,4,https://drive.google.com/file/d/1xLTObi28YjNKIPemFaKKXpTVlykZ3UNw/view
HEE-093,Zurigo,5,https://drive.google.com/file/d/1OzT2EF6zCiUM8GnbFRmKcC_wEtNLP5hy/view
HEE-093,Zurigo,6,https://drive.google.com/file/d/1O-Q1PJ7TTwYolPiJwCxyGa4FN00ha6KD/view
HEE-093,Zurigo,7,https://drive.google.com/file/d/1bVvPLf17wtQg1KOydqJdAUNYnkKbrT8Z/view
HEE-093,Zurigo,8,https://drive.google.com/file/d/1HUMk4HXc8yVvcAWGdkLoouEFlOZlCZW_/view
HEE-093,Zurigo,9,https://drive.google.com/file/d/1ErLJ5LEC1jrVOUulWw1tlJ8XHIhTIuXC/view
HEE-093,Zurigo,10,https://drive.google.com/file/d/1q8J5XlbFiC90A8wdyR4vx7kqw7Xb-SG8/view
HEE-093,Zurigo,11,https://drive.google.com/file/d/15p1g0WN79lyJOW4wcJn-CVJ3yiLGW2Gi/view
HEE-093,Zurigo,12,https://drive.google.com/file/d/1oHWAuannxkNAI00VqZY3-fAOv6hbLuco/view
