ARTICOLO ,CATEGORIA,STAGIONE ,LINEA ,COLORI,N CAPI TU ,N. CAPI XS ,N CAPI S,N CAPI M,N CAPI L ,N CAPI XL ,N CAPI XXL,PREZZO LAB ,PREZZO ECOMMERCE
ADELAIDE   ✅,TSHIRT,P/E,COTONE,BIANCO ,,,0,2,3,,,"59,99",
ADELAIDE.  ✅. ,TSHIRT,P/E,COTONE,PIOMBO,,,1,6,6,,,"59,99",
ADELAIDE   ✅ ,TSHIRT,P/E,COTONE,CORDA ,,,4,8,7,,,"59,99",
,,,,,,,,,,,,,
ALTEA   ✅,ABITO ,P/E,MAGLIERIA ,NERO,4,,,,,,,160,
ALTEA  ✅,ABITO ,P/E,MAGLIERIA ,CIOCCOLATO ,3,,,,,,,160,
ALTEA  ✅,ABITO ,P/E,MAGLIERIA ,BIANCO,3,,,,,,,160,
,,,,,,,,,,,,,
ALASKA ✅,MAGLIONE ,A/I,MAGLIERIA ,CREMA ,3,,,,,,,,
,,,,,,,,,,,,,
ALICANTE ✅,MAGLIONE ,P/E,MAGLIERIA ,CREMA ,,,1,4,,,,"129,99",
ALICANTE ✅,MAGLIONE ,P/E,MAGLIERIA ,NERO ,,,2,3,,,,"129,99",
,,,,,,,,,,,,,
AMALFI ✅,TSHIRT,P/E,MAGLIERIA ,CREMA ,,,2,4,0,0,0,"59,99",
AMALFI ✅,TSHIRT ,P/E,MAGLIERIA ,NERO ,,,2,2,0,0,0,"59,99",
,,,,,,,,,,,,,
AMSTERDAM ✅,PANTALONI,A/I,FELPA  L.,NERO ,,,2,3,0,,,"249,99",
AMSTERDAM ✅,PANTALONI,A/I,FELPA  L.,CAMMELLO ,,,1,5,0,,,"249,99",
AMSTERDAM ✅,PANTALONI,A/I,FELPA  L.,BIANCO ,,,0,1,1,,,"249,99",
AMSTERDAM  ✅,PANTALONI ,A/I,FELPA  L.,PIOMBO ,,,5,3,5,,,"249,99",
,,,,,,,,,,,,,
ASIA,VESTITO,P/E,MAGLIERIA,NERO,3,,,,,,,140,
ASIA,VESTITO,P/E,MAGLIERIA,BIANCO,3,,,,,,,140,
ASIA,VESTITO,P/E,MAGLIERIA,MORO,2,,,,,,,140,
,,,,,,,,,,,,,
ATLANTA      ✅,GIACCA,P/E,FELPA  P.,CORDA ,,,4,3,3,,,"219,99",
ATLANTA      ✅,GIACCA,P/E,FELPA  P.,NERO ,,,3,4,2,,,"219,99",
,,,,,,,,,,,,,
AUSTRALIA ✅,ABITO ,P/E,FELPA  P.,NERO ,,,2,1,1,,,156,
AUSTRALIA ✅,ABITO ,P/E,FELPA  P.,CORDA ,,,2,1,1,,,156,
,,,,,,,,,,,,,
ARGENTINA ✅,MAGLIONE ,P/E,MAGLIERIA  ,NERO ,,,,1,1,1,,"269,99",
ARGENTINA ✅,MAGLIONE ,P/E,MAGLIERIA ,CREMA ,,,,0,0,0,,"269,99",
,,,,,,,,,,,,,
BALTIMORA ✅,TOP,A/I,COTONE,SALMONE,,,2,1,,,,"49,99",
BALTIMORA  ✅,TOP,A/I,COTONE,BIANCO ,,,0,2,,,,"49,99",
BALTIMORA  ✅,TOP,A/I,COTONE,SALVIA,,,2,2,,,,"49,99",
BALTIMORA  ✅,TOP,A/I,COTONE,CAMMELLO ,,,2,1,,,,"49,99",
BALTIMORA  ✅,TOP,A/I,COTONE,CIOCCOLATO,,,2,2,,,,"49,99",
BALTIMORA  ✅,TOP,A/I,COTONE,PIOMBO,,,2,0,,,,"49,99",
BALTIMORA  ✅,TOP,A/I,COTONE,NERO ,,,1,1,,,,"49,99",
BALTIMORA  ✅,TOP ,A/I,COTONE ,CREMA ,,,1,2,,,,"49,99",
,,,,,,,,,,,,"49,99",
ARTICOLO ,CATEGORIA ,STAGIONE ,LINEA ,COLORI ,N CAPI TU ,N CAPI XS ,N CAPI S ,N CAPI M ,N CAPI L ,N CAPI XL ,N CAPI XXL ,VENDUTI ,
BARCELLONA ✅,PANTALONI,A/I,FELPA G.,CAMMELLO ,,,5,6,,,,"159,99",
BARCELLONA ✅,PANTALONI,A/I,FELPA G.,NERO ,,,5,6,,,,"159,99",
BARCELLONA  ✅,PANTALONI ,A/I,FELPA G.,BIANCO ,,,5,5,,,,"159,99",
,,,,,,,,,,,,,
BILBAO         ✅,ABITO ,P/E,MAGLIERIA ,NERO ,,,0,2,,,,"219,99",
BILBAO         ✅,ABITO ,P/E,MAGLIERIA ,BIANCO ,,,1,2,,,,"219,99",
,,,,,,,,,,,,,
BOGOTA ✅,CARDIGAN ,P/E,MAGLIERIA ,NERO ,,,0,0,0,0,,"239,99",
BOGOTA ✅,CARDIGAN ,P/E,MAGLIERIA ,CREMA ,,,0,0,0,5,,"239,99",
,,,,,,,,,,,,,
BOLOGNA    ✅,GONNA ,A/I,FELPA L.,CREMA ,,,1,4,,,,"119,99",
BOLOGNA    ✅,GONNA ,A/I,FELPA L.,NERO,,,1,0,,,,"119,99",
BOLOGNA    ✅,GONNA ,A/I,FELPA L.,BIANCO,,,0,0,,,,"119,99",
BOLOGNA    ✅,GONNA ,A/I,FELPA L.,CAMMELLO,,,1,1,,,,"119,99",
BOLOGNA    ✅,GONNA ,A/I,FELPA L.,PIOMBO,,,1,0,,,,"119,99",
BOLOGNA    ✅,GONNA ,A/I,FELPA  L.,CIOCCOLATO,,,1,2,,,,"119,99",
BOLOGNA    ✅,GONNA ,A/I,FELPA  L.,SALMONE,,,1,2,,,,"119,99",
BOLOGNA    ✅,GONNA,A/I,FELPA L.,SALVIA ,,,1,2,,,,"119,99",
,,,,,,,,,,,,,
BOSTON      ✅,PANTALONI ,P/E,FELPA P.,NERO,,,,0,0,1,,"119,99",
BOSTON      ✅,PANTALONI ,P/E,FELPA P.,CORDA ,,,,1,2,2,,"119,99",
BOSTON      ✅,PANTALONI ,P/E,FELPA P.,CREMA ,,,,0,2,2,,"119,99",
,,,,,,,,,,,,,
BRASILE  ✅ ,TOP ,P/E,FELPA P.,NERO ,,0,1,1,2,,,"129,99",
BRASILE  ✅ ,TOP ,P/E,FELPA P.,BIANCO ,,0,1,1,1,,,"129,99",
BRASILE  ✅ ,TOP ,P/E,FELPA P.,CREMA ,,1,1,0,0,,,"129,99",
BRASILE  ✅ ,TOP ,P/E,FELPA P.,CORDA ,,1,1,1,0,,,"129,99",
BRASILE  ✅ ,TOP ,P/E,FELPA P.,SALMONE ,,1,1,1,1,,,"129,99",
BRASILE  ✅ ,TOP ,P/E,FELPA P.,AZZURRO ,,1,1,1,1,,,"129,99",
,,,,,,,,,,,,,
BERNA ✅,ABITO,P/E,MAGLIERIA ,NERO,3,,,,,,,120,
,,,,,,,,,,,,,
BUDAPEST  ✅,FELPA ZIP ,A/I,FELPA  P.,NERO ,,,,2,2,3,,"249,99",
BUDAPEST  ✅,FELPA ZIP ,A/I,FELPA  P.,CREMA ,,,,1,2,3,,"249,99",
BUDAPEST  ✅,FELPA ZIP ,A/I,FELPA  P.,CORDA ,,,,3,1,2,,"249,99",
,,,,,,,,,,,,"249,99",
ARTICOLO,CATEGORIA ,STAGIONE ,LINEA ,COLORI ,N CAPI TU,N CAPI XS ,N CAPI S ,N CAPI M ,N CAPI L ,N CAPI XL,N CAPI XXL ,VENDUTI ,
CALI✅,PANTALONI ,P/E,MAGLIERIA ,CREMA ,1,,,,,,,129,
CALI ✅,PANTALONI ,P/E,MAGLIERIA ,NERO ,2,,,,,,,129,
CALI ✅,PANTALONI ,P/E,MAGLIERIA ,CIOCCOLATO ,1,,,,,,,129,
,,,,,,,,,,,,,
CALIFORNIA ✅,TSHIRT,A/I,COTONE ,BIANCO,,,1,2,5,,,"69,99",
CALIFORNIA ✅,TSHIRT,A/I,COTONE ,CORDA T.F,,,5,4,4,,,"69,99",
CALIFORNIA ✅,TSHIRT,A/I,COTONE ,PIOMBO T.F,,,6,3,2,,,"69,99",
,,,,,,,,,,,,,
CAMBRIDGE ✅,FELPA ,A/I,FELPA  G.,GRIGIO T.F ,,,,0,0,0,,240,
CAMBRIDGE ✅,FELPA ,A/I,FELPA  G.,GRIGIO T.F ,,,,0,2,0,,240,
CAMBRIDGE ✅,FELPA ,A/I,FELPA  G.,NERO ,,,,3,5,3,,240,
CAMBRIDGE ✅,FELPA ,A/I,FELPA  G.,BIANCO,,,,2,7,3,,240,
CAMBRIDGE ✅,FELPA ,A/I,FELPA  G.,CAMMELLO ,,,,2,8,4,,240,
,,,,,,,,,,,,,
CANADA      ✅,GIACCA,P/E,FELPA P.,CORDA,,,,0,1,1,,"299,99",
CANADA      ✅,GIACCA,P/E,FELPA P.,NERO ,,,,1,2,3,,"299,99",
,,,,,,,,,,,,,
CANARIE  ✅,ABITO ,P/E,LICRA,NERO ,,,1,2,,,,,
CANARIE  ✅,ABITO ,P/E,LICRA ,CIOCCOLATO ,,,0,0,,,,,
CANARIE  ✅,ABITO ,P/E,LICRA ,PIOMBO ,,,2,3,,,,,
,,,,,,,,,,,,,
CAPRI ,PANTALONI ,P/E,MAGLIERIA ,NERO ,,,,,,,,"129,99",
CAPRI ,PANTALONI ,P/E,MAGLIERIA ,CREMA ,,,,,,,,"129,99",
,,,,,,,,,,,,,
CEFALU.      ✅,SALOPETTE,P/E,FELPA  P.,CORDA,,,1,2,,,,"279,99",
CEFALU       ✅,SALOPETTE ,P/E,FELPA  P.,CREMA,,,3,2,,,,"279,99",
CEFALU       ✅,SALOPETTE,P/E,FELPA  P.,NERO,,,1,2,,,,"279,99",
,,,,,,,,,,,,,
CIPRO ,PANTALONI ,P/E,MAGLIERIA ,NERO,1,,,,,,,164,
CIPRO ,PANTALONI ,P/E,MAGLIERIA ,CREMA ,3,,,,,,,164,
CIPRO ,PANTALONI ,P/E,MAGLIERIA ,CIOCCOLATO ,1,,,,,,,164,
,,,,,,,,,,,,,
COURMAYEUR  ✅,MAGLIONE ,A/I,MAGLIERIA ,GRIGIO,,,0,0,4,0,,,
,,,,,,,,,,,,,
ARTICOLO,CATEGORIA ,STAGIONE ,LINEA ,COLORI ,N CAPI TU ,N CAPI XS ,N CAPI S,N CAPI M ,N CAPI L,N CAPI XL ,N CAPI XXL ,VENDUTI ,
CORTINA  ✅,CAPPOTTO,A/I,FELPA  G.,NERO,,,0,2,0,2,,"469,99",
CORTINA  ✅,CAPPOTTO ,A/I,FELPA  G.,BIANCO,,,1,1,1,1,,"469,99",
CORTINA  ✅,CAPPOTTO ,A/I,FELPA  G.,CAMMELLO,,,2,1,3,2,,"469,99",
,,,,,,,,,,,,,
DANIMARCA✅,MAGLIONE,A/I,MAGLIERIA,NERO,,,,0,3,1,,,
DANIMARCA✅,MAGLIONE,A/I,MAGLIERIA,CIOCO   TF.,,,,1,0,0,,,
DANIMARCA✅,MAGLIONE ,A/I,MAGLIERIA ,GRIGIO T.F ,,,,4,4,0,,,
,,,,,,,,,,,,,
DETROIT ✅,FELPA ZIP,A/I,FELPA  G.,GRIGIO T.F,,,,2,1,2,,260,
DETROIT ✅,FELPA ZIP,A/I,FELPA  G.,GRIGIO T.F,,,,0,1,4,,260,
DETROIT ✅,FELPA ZIP ,A/I,FELPA  G.,CAMMELLO ,,,,0,1,0,,260,
DETROIT ✅,FELPA ZIP ,A/I,FELPA  G.,NERO ,,,,1,1,0,,260,
DETROIT ✅,FELPA ZIP ,A/I,FELPA  G.,BIANCO ,,,,1,1,0,,260,
,,,,,,,,,,,,,
DUBAI ,ABITO ,P/E,MAGLIERIA ,BIANCO,1,,,,,,,160,
DUBAI ,ABITO ,P/E,MAGLIERIA ,NERO,1,,,,,,,160,
DUBAI ,ABITO ,P/E,MAGLIERIA ,CIOCCOLATO ,1,,,,,,,160,
,,,,,,,,,,,,,
DUBLINO ✅,MAGLIONE ,A/I,MAGLIERIA ,GRIGIO,,,,,4,,,,
DUBLINO ✅,MAGLIONE ,A/I,MAGLIERIA ,NERO/GRIGIO,,,,,4,,,,
DUBLINO ✅,MAGLIONE ,A/I,MAGLIERIA ,VERDE,,,,1,,,,,
DUBLINO ✅,MAGLIONE ,A/I,MAGLIERIA ,ROSA/VERDE,,,,1,,,,,
,,,,,,,,,,,,,
FINLANDIA ✅,SCIARPA ,A/I,MAGLIERIA ,CREMA ,3,,,,,,,,
FINLANDIA ✅,SCIARPA ,A/I,MAGLIERIA ,ROSA ,5,,,,,,,,
FINLANDIA ✅,SCIARPA ,A/I,MAGLIERIA ,PIOMBO,2,,,,,,,,
FINLANDIA ✅,SCIARPA ,A/I,MAGLIERIA ,GRIGIO,4,,,,,,,,
FINLANDIA ✅,SCIARPA ,A/I,MAGLIERIA ,NERO,1,,,,,,,,
FINLANDIA ✅,SCIARPA ,A/I,MAGLIERIA ,VERDE,7,,,,,,,,
,,,,,,,,,,,,,
FORMENTERA ✅,PANTALONI ,P/E,FELPA P.,NERO ,,,2,0,0,,,"129,99",
FORMENTERA ✅,PANTALONI ,P/E,FELPA P.,BIANCO,,,1,1,0,,,"129,99",
FORMENTERA ✅,PANTALONI ,P/E,FELPA P.,CREMA ,,,1,3,0,,,"129,99",
FORMENTERA ✅,PANTALONI ,P/E,FELPA P.,CORDA ,,,2,1,1,,,"129,99",
FORMENTERA ✅,PANTALONI ,P/E,FELPA P.,AZZURRO,,,0,3,1,,,"129,99",
FORMENTERA ✅,PANTALONI ,P/E,FELPA P.,SALMONE,,,1,2,1,,,"129,99",
,,,,,,,,,,,,,
FRANCOFORTE ✅,MAGLIONE ,A/I,MAGLIERIA ,NERO ,,,,0,3,3,,"229,99",
FRANCOFORTE ✅,MAGLIONE ,A/I,MAGLIERIA ,GRIGIO TF.,,,,3,4,0,,"229,99",
FRANCOFORTE ✅,MAGLIONE ,A/I,MAGLIERIA ,CIOCO   TF.,,,,3,2,0,,"229,99",
,,,,,,,,,,,,"229,99",
ARTICOLO,CATEGORIA ,STAGIONE ,LINEA ,COLORI ,N CAPI TU ,N CAPI XS,N CAPI S,N CAPI M ,N CAPI L ,N CAPI XL ,N CAPI XXL ,VENDUTI ,
GEORGIA  ✅,PANTALONI ,P/E,FELPA P.,NERO,,,3,3,1,,,"139,99",
GEORGIA  ✅,PANTALONI ,P/E,FELPA P.,CORDA ,,,3,2,1,,,"139,99",
,,,,,,,,,,,,,
GINEVRA  ✅,PANTALONI ,A/I,FELPA L.,NERO,,1,0,0,0,,,"79,99",
GINEVRA  ✅,PANTALONI ,A/I,FELPA L.,PIOMBO,,2,1,0,2,,,"79,99",
GINEVRA  ✅,PANTALONI ,A/I,FELPA L.,CIOCCOLATO ,,2,2,1,1,,,"79,99",
,,,,,,,,,,,,,
HELSINKI   ✅,PANTALONI ,P/E,FELPA P.,NERO,,,3,3,2,,,"169,99",
HELSINKI   ✅,PANTALONI ,P/E,FELPA P.,CREMA,,,2,0,1,,,"169,99",
HELSINKI   ✅,PANTALONI ,P/E,FELPA  P.,CORDA ,,,2,2,2,,,"169,99",
,,,,,,,,,,,,,
IBIZA  ✅,PANTALONCINI,P/E,FELPA P.,NERO ,,,3,2,3,,,"149,99",
IBIZA  ✅,PANTALONCINI,P/E,FELPA P.,CREMA ,,,0,2,2,,,"149,99",
IBIZA  ✅,PANTALONCINI,P/E,FELPA P.,SALMONE ,,,2,2,1,,,"149,99",
IBIZA  ✅,PANTALONCINI,P/E,FELPA P.,AZZURRO,,,0,2,2,,,"149,99",
,,,,,,,,,,,,,
ISLANDA✅,MAGLIONE,A/I,MAGLIERIA ,VERDE,,,0,5,,,,,
,,,,,,,,,,,,,
IMPERIA    T.D ✅,CAPPOTTO ,A/I,FELPA L.,NERO,,,0,0,2,,,495,
IMPERIA    T.D ✅,CAPPOTTO ,A/I,FELPA L.,PIOMBO ,,,1,1,1,,,495,
IMPERIA    T.D ✅,CAPPOTTO ,A/I,FELPA L.,SALVIA ,,,1,1,2,,,495,
IMPERIA    T.D ✅,CAPPOTTO ,A/I,FELPA  L.,CAMMELLO ,,,0,2,3,,,495,
,,,,,,,,,,,,,
ISTANBUL ✅,ABITO ,P/E,FELPA P.,NERO ,,,,1,,,,,
,,,,,,,,,,,,,
JULY  ✅,PANTALONI ,A/I,FELPA L.,NERO,,,2,3,0,0,,"119,99",
JULY ✅,PANTALONI ,A/I,FELPA L.,SALVIA ,,,1,2,1,0,,"119,99",
JULY  ✅,PANTALONI ,A/I,FELPA L.,PIOMBO,,,2,1,2,0,,"119,99",
JULY  ✅,PANTALONI ,A/I,FELPA L.,CAMMELLO,,,0,1,1,1,,"119,99",
JULY  ✅,PANTALONI ,A/I,FELPA L.,CIOCCOLATO,,,0,2,1,0,,"119,99",
JULY  ✅,PANTALONI ,A/I,FELPA L.,CREMA ,,,1,1,0,0,,"119,99",
JULY  ✅,PANTALONI ,A/I,FELPA L.,BIANCO,,,0,0,1,0,,"119,99",
JULY  ✅,PANTALONI ,A/I,FELPA L.,SLMONE ,,,1,0,0,0,,"119,99",
,,,,,,,,,,,,"119,99",
ARTICOLO,CATEGORIA ,STAGIONE ,LINEA ,COLORI ,N CAPI TU ,N CAPI XS ,N CAPI S,N CAPI M ,N CAPI L ,N CAPI XL ,N CAPI XXL ,VENDUTI ,
LIONE T.D ✅,GIACCA,A/I,FELPA L.,PIOMBO,,1,,0,,1,,"399,99",
LIONE T.D ✅,GIACCA,A/I,FELPA L.,NERO,,1,,1,,1,,"399,99",
LIONE T.D ✅,GIACCA,A/I,FELPA L.,BIANCO,,1,,1,,0,,"399,99",
LIONE T.D ✅,GIACCA,A/I,FELPA L.,SALMONE,,1,,0,,1,,"399,99",
LIONE T.D ✅,GIACCA,A/I,FELPA L.,VERDE,,1,,1,,0,,"399,99",
LIONE T.D ✅,GIACCA,A/I,FELPA L.,CREMA ,,1,,0,,2,,"399,99",
LIONE T.D ✅,GIACCA,A/I,FELPA L.,CAMMELLO,,1,,1,,1,,"399,99",
LIONE T.D ✅,GIACCA,A/I,FELPA L.,CIOCCOLATO,,1,,1,,1,,"399,99",
LIONE T.D ✅,GIACCA,A/I,FELPA L.,GRIGIO T.F,,0,,2,,0,,"399,99",
LIONE T.D ✅,GIACCA,A/I,FELPA L.,CIOCCOLATO TF,,0,,2,,0,,"399,99",
,,,,,,,,,,,,,
LIVERPOOL  ✅,BOMBER,A/I,FELPA L.,SALVIA ,,,2,0,1,1,1,"119,99",
LIVERPOOL  ✅,BOMBER,A/I,FELPA  L.,CREMA ,,,2,1,1,1,1,"119,99",
LIVERPOOL  ✅,BOMBER,A/I,FELPA  L.,BIANCO,,,3,0,2,1,2,"119,99",
LIVERPOOL  ✅,BOMBER,A/I,FELPA  L.,NERO,,,1,2,2,1,1,"119,99",
LIVERPOOL  ✅,BOMBER,A/I,FELPA  L.,PIOMBO,,,2,1,2,1,2,"119,99",
LIVERPOOL  ✅,BOMBER,A/I,FELPA  L.,CAMMELLO,,,4,1,2,1,2,"119,99",
LIVERPOOL  ✅,BOMBER,A/I,FELPA  L.,SALMONE ,,,0,1,1,1,2,"119,99",
LIVERPOOL  ✅,BOMBER,A/I,FELPA  L.,CIOCCOLATO,,,0,2,2,1,2,"119,99",
,,,,,,,,,,,,,
LONDRA  ✅,MAGLIONE ,A/I,MAGLIERIA ,CREMA ,4,,,,,,,,
,,,,,,,,,,,,,
L.A  T.D ✅ ,FELPA ,A/I,FELPA G.,BIANCO,,,,4,,4,,"159,99",
L. A. T.D ✅,FELPA ,A/I,FELPA G.,NERO ,,,,16,,8,,"159,99",
L.A  T.D ✅ ,FELPA ,A/I,FELPA G.,CAMMELLO ,,,,8,,4,,"159,99",
,,,,,,,,,,,,,
MAIORCA ✅,TOP ,P/E,MAGLIERIA ,NERO,,,0,2,,,,"49,99",
MAIORCA ✅,TOP ,P/E,MAGLIERIA ,CREMA ,,,4,2,,,,"49,99",
,,,,,,,,,,,,,
MALAGA  ✅,POLO,P/E,FELPA P.,AZZURRO,,,3,0,0,,,"79,99",
MALAGA  ✅,POLO ,P/E,FELPA  P.,NERO,,,1,1,1,,,"79,99",
MALAGA  ✅,POLO ,P/E,FELPA  P.,CORDA ,,,1,1,1,,,"79,99",
MALAGA  ✅,POLO,P/E,FELPA  P.,BIANCO ,,,2,1,1,,,"79,99",
,,,,,,,,,,,,,
MALTA✅,MAGLIONE,P/E,MAGLIERIA,NERO,3,,,,,,,160,
MALTA✅,MAGLIONE,P/E,MAGLIERIA,CREMA,2,,,,,,,160,
MALTA✅,MAGLIONE,P/E,MAGLIERIA,MORO,3,,,,,,,160,
,,,,,,,,,,,,,
MALESIA✅,MAGLIONE,A/I,MAGLIERIA ,NERO,0,0,0,0,1,0,0,,
MALESIA✅,MAGLIONE,A/I,MAGLIERIA ,GRIGIO TF.,0,0,0,0,1,0,0,,
MALESIA✅,MAGLIONE,A/I,MAGLIERIA ,CIOCO   TF.,0,0,0,3,2,0,0,,
,,,,,,,,,,,,,
MANATHAN ✅,FELPA ZIP ,A/I,FELPA G.,NERO ,,,,1,1,,,220,
MANATHAN ✅,FELPA ZIP ,A/I,FELPA G.,BIANCO,,,,0,1,,,220,
MANATHAN ✅,FELPA ZIP ,A/I,FELPA G.,MORO T.F ,,,1,,,,,220,
,,,,,,,,,,,,,
ARTICOLO ,CATEGORIA ,STAGIONE ,LINEA ,COLORI ,N CAPI TU ,N CAPI XS,N CAPI S,N CAPI M ,N CAPI L ,N CAPI XL ,N CAPI XXL ,VENDUTI ,
MARRAKECH ✅,POLO ,P/E,FELPA P.,AZZURRO,,,,2,2,0,,"89,99",
MARRAKECH ✅,POLO ,P/E,FELPA P.,NERO,,,,2,2,2,,"89,99",
MARRAKECH ✅,POLO ,P/E,FELPA P,BIANCO,,,,2,2,2,,"89,99",
MARRAKECH ✅,POLO ,P/E,FELPA P,CREMA,,,,2,2,2,,,
,,,,,,,,,,,,,
MESSICO ✅,BODY,P/E,FELPA P.,NERO ,,1,1,1,1,,,"149,99",
MESSICO ✅,BODY,P/E,FELPA P.,BIANCO ,,1,1,1,2,,,"149,99",
MESSICO ✅,BODY,P/E,FELPA  P.,AZZURRO ,,1,1,1,1,,,"149,99",
MESSICO  ✅,BODY,P/E,FELPA P.,CREMA ,,1,1,1,1,,,"149,99",
MESSICO ✅,BODY,P/E,FELPA  P.,CORDA ,,1,1,1,1,,,"149,99",
MESSICO ✅,BODY,P/E,FELPA  P.,SALMONE ,,1,1,1,1,,,"149,99",
,,,,,,,,,,,,,
MIAMI ✅,GONNA,P/E,FELPA P.,NERO ,,,1,1,2,,,"129,99",
MIAMI ✅,GONNA,P/E,FELPA P.,CORDA ,,,1,2,2,,,"129,99",
MIAMI ✅,GONNA,P/E,FELPA P.,CREMA ,,,3,2,3,,,"129,99",
,,,,,,,,,,,,,
MINORCA ✅,GONNA,P/E,MAGLIERIA ,NERO,,,1,1,0,0,0,"139,99",
MINORCA ✅,GONNA,P/E,MAGLIERIA ,CREMA,,,3,0,0,0,0,"139,99",
,,,,,,,,,,,,,
MONTECARLO✅,CAPPOTTO ,A/I,FELPA G.,NERO ,,,,1,3,3,,"469,99",
MONTECARLO✅,CAPPOTTO,A/I,FELPA  G.,CAMMELLO,,,,2,0,2,,"469,99",
,,,,,,,,,,,,,
MOSS,MAGLIONE ,A/I,MAGLIERIA ,,,,,,,,,,
,,,,,,,,,,,,,
MUMBAI  ✅,FELPA ,A/I,FELPA L.,MULTICOLOR ,,,2,2,2,,,240,
,,,,,,,,,,,,,
MYKONOS  ✅,PANTALONI ,P/E,FELPA P.,NERO,,,,1,1,1,,"159,99",
MYKONOS  ✅,PANTALONI ,P/E,FELPA P.,CORDA ,,,,2,3,2,,"159,99",
MYKONOS  ✅,PANTALONI ,P/E,FELPA P.,CREMA ,,,,1,3,0,,"159,99",
,,,,,,,,,,,,,
NAIROBI ✅,GILET ,P/E,MAGLIERIA ,CREMA,0,0,0,0,0,5,0,"169,99",
,,,,,,,,,,,,,
NEVADA✅,MAGLIONE,A/I,MAGLIERIA,VERDE,0,0,0,4,0,0,0,220,
,,,,,,,,,,,,,
NEW YORK  ✅,PANTALONI ,A/I,FELPA L.,NERO ,,,1,1,1,,,"139,99",
NEW YORK  ✅,PANTALONI ,A/I,FELPA L.,CIOCCOLATO ,,,2,3,1,,,"139,99",
NEW YORK  ✅,PANTALONI ,A/I,FELPA L.,VERDE ,,,2,3,1,,,"139,99",
NEW YORK  ✅,PANTALONI ,A/I,FELPA L.,PIOMBO ,,,2,2,0,,,"139,99",
,,,,,,,,,,,,"139,99",
ARTICOLO,CATEGORIA ,STAGIONE ,LINEA ,COLORI ,N CAPI TU ,N CAPI XS ,N CAPI S,N CAPI M ,N CAPI L ,N CAPI XL ,N CAPI XXL ,VENDUTI ,
NIZZA  ✅,FELPA ,A/I,FELPA L.,NERO,,,,2,1,3,,"149,99",
NIZZA  ✅,FELPA ,A/I,FELPA L.,BIANCO,,,,1,1,1,,"149,99",
NIZZA  ✅,FELPA ,A/I,FELPA L.,CAMMELLO,,,,3,3,2,,"149,99",
NIZZA  ✅,FELPA ,A/I,FELPA L.,PIOMBO,,,,2,3,2,,"149,99",
,,,,,,,,,,,,,
NORVEGIA  ✅,FELPA ZIP ,A/I,FELPA G.,NERO,,,,4,,,,"199,99",
,,,,,,,,,,,,,
OSAKA ✅,BLAZER,P/E,FELPA P.,AZZURRO ,,1,1,2,,,,330,
OSAKA ✅,BLAZER ,P/E,FELPA P.,BIANCO ,,2,1,2,0,,,330,
OSAKA  ✅,BLAZER ,P/E,FELPA P.,NERO ,,1,1,1,2,,,330,
,,,,,,,,,,,,,
OSLO ✅,MAGLIONE ,A/I,MAGLIERIA ,GRIGIO,,0,0,0,1,,,,
OSLO ✅,MAGLIONE ,A/I,MAGLIERIA ,CREMA,,0,0,3,0,,,,
OSLO ✅,MAGLIONE ,A/I,MAGLIERIA ,NERO,,0,0,5,0,,,,
OSLO ✅,MAGLIONE ,A/I,MAGLIERIA ,NERO/GRIGIO,,0,3,4,0,,,,
OSLO ✅,MAGLIONE ,A/I,MAGLIERIA ,ROSA/VERDE,,0,0,4,2,,,,
,,,,,,,,,,,,,
OSLO RICAMO ✅,MAGLIONE,A/I,MAGLIERIA,NERO/GRIGIO,0,0,0,1,0,0,0,,
OSLO RICAMO ✅,MAGLIONE,A/I,MAGLIERIA,GRIGIO,0,0,0,2,0,0,0,,
OSLO RICAMO ✅,MAGLIONE,A/I,MAGLIERIA,ROSA/VERDE,0,0,0,1,0,0,0,,
,,,,,,,,,,,,,
OXFORD. T.D ✅,GONNA,A/I,FELPA L.,NERO,,,1,,1,,,"119,99",
OXFORD   T.D ✅,GONNA,A/I,FELPA L.,PIOMBO ,,,3,,2,,,"119,99",
OXFORD   T.D ✅,GONNA,A/I,FELPA L.,CREMA ,,,1,,4,,,"119,99",
,,,,,,,,,,,,,
PALERMO ✅,FELPA ,A/I,FELPA P.,CREMA,,,3,5,1,,,"189,99",
PALERMO ✅,FELPA ,A/I,FELPA P.,SALMONE,,,2,4,2,,,"189,99",
PALERMO ✅,FELPA ,A/I,FELPA P.,AZZURRO,,,2,3,2,,,"189,99",
PALERMO ✅,FELPA ,A/I,FELPA P.,NERO,,,2,5,3,,,"189,99",
PALERMO ✅,FELPA ,A/I,FELPA P.,CORDA ,,,0,1,0,,,"189,99",
,,,,,,,,,,,,,
PARIGI  ✅,ABITO ,P/E,FELPA P,NERO,,2,2,1,,,,155,
PARIGI  ✅,ABITO ,P/E,FELPA P,BIANCO,,1,2,2,,,,155,
,,,,,,,,,,,,,
PECHINO  ✅,BLAZER CROP ,P/E,FELPA P,CORDA ,,,1,1,1,1,,290,
PECHINO  ✅,BLAZER CROP ,P/E,FELPA P,CREMA ,,,0,2,1,1,,290,
PECHINO  ✅,BLAZER CROP ,P/E,FELPA P,NERO ,,,2,2,2,2,,290,
,,,,,,,,,,,,,
POSITANO ,ABITO ,PE,MAGLIERIA ,NERO ,,1,1,,,,,"229,99",
POSITANO ,ABITO ,P/E,MAGLIERIA ,CREMA ,,,,1,,,,"229,99",
,,,,,,,,,,,,"229,99",
ARTICOLO ,CATEGORIA ,STAGIONE ,LINEA ,COLORI ,N CAPI TU ,N CAPI XS ,N CAPI S,N CAPI M ,N CAPI L ,N CAPI XL ,N CAPI XXL ,VENDUTI ,
PRAGA  ✅,FELPA ,A/I,FELPA L,NERO ,2,,,,,,,"169,99",
PRAGA  ✅,FELPA ,A/I,FELPA L,BIANCO ,4,,,,,,,"169,99",
PRAGA  ✅,FELPA ,A/I,FELPA L,PIOMBO,1,,,,,,,"169,99",
PRAGA  ✅,FELPA ,A/I,FELPA L,CAMMELLO,4,,,,,,,"169,99",
,,,,,,,,,,,,,
RIO  ✅,MAGLIONE ,P/E,MAGLIERIA ,NERO,2,,,,,,,144,
RIO  ✅,MAGLIONE ,P/E,MAGLIERIA ,CREMA,3,,,,,,,144,
RIO  ✅,MAGLIONE ,P/E,MAGLIERIA ,CIOCCOLATO ,4,,,,,,,144,
,,,,,,,,,,,,,
ROMA   ✅,FELPA ,A/I,FELPA P,AZZURRO,,,,3,4,4,,"129,99",
ROMA   ✅,FELPA ,A/I,FELPA P,NERO,,,,2,4,3,,"129,99",
ROMA   ✅,FELPA ,A/I,FELPA P,SALMONE,,,,2,2,2,,"129,99",
ROMA   ✅,FELPA ,A/I,FELPA P,CREMA ,,,,0,0,0,,"129,99",
ROMA   ✅,FELPA ,A/I,FELPA P,CORDA ,,,,0,2,2,,"129,99",
ROMA   ✅,FELPA ,A/I,FELPA P,BIANCO ,,,,0,0,1,,"129,99",
,,,,,,,,,,,,,
SAL  ✅,ABITO ,P/E,LICRA,NERO ,,,2,3,1,,,"189,99",
SAL ✅,ABITO ,P/E,LICRA,PIOMBO,,,3,3,1,,,"189,99",
SAL ✅,ABITO ,P/E,LICRA,CIOCCOLATO,,,1,3,1,,,"189,99",
,,,,,,,,,,,,,
SAN DIEGO T.D ✅,FELPA,A/I,FELPA G,BIANCO,,,2,,3,,,220,
SAN DIEGO T.D ✅,FELPA,A/I,FELPA G,NERO,,,2,,4,,,220,
SAN DIEGO T.D ✅,FELPA ,A/I,FELPA G,CAMMELLO,,,3,,5,,,220,
SAN DIEGO T.D ✅,FELPA ,A/I,FELPA G,GRIGIO C.,,,1,,2,,,220,
SAN DIEGO T.D ✅,FELPA,A/I,FELPA G,MORO,,,2,,3,,,220,
,,,,,,,,,,,,,
S.FARNCISCO ✅,FELPA ,A/I,FELPA G,NERO,,,5,2,4,,,200,
S.FARNCISCO  ✅,FELPA ,A/I,FELPA G,BIANCO,,,5,4,3,,,200,
S.FARNCISCO  ✅ ,FELPA ,A/I,FELPA G,CAMMELLO,,,5,4,5,,,200,
S.FARNCISCO ✅,FELPA ,A/I,FELPA G,GRIGIO C.,,,2,1,4,,,200,
S.FARNCISCO ✅,FELPA ,A/I,FELPA G,MORO,,,4,2,2,,,200,
,,,,,,,,,,,,,
SIBERIA  ✅,FELPA ZIP ,A/I,FELPA G,NERO,,,,4,,,,"199,99",
,,,,,,,,,,,,,
SINGAPORE ✅,GILET ,P/E,MAGLIERIA ,NERO,,,1,,,,,"129,99",
SINGAPORE ✅,GILET ,P/E,MAGLIERIA ,CREMA,,,1,1,,,,"129,99",
ARTICOLO ,CATEGORIA,STAGIONE,LINEA ,COLORI ,N CAPI TU ,N CAPI XS,N CAPI S,N CAPI M ,N CAPI L ,N CAPI XL ,N CAPI XXL ,VENDUTI ,
SIVIGLIA   ✅,FELPA ,A/I,FELPA L,NERO,,,,2,1,1,,"139,99",
SIVIGLIA.  ✅,FELPA ,A/I,FELPA L,BIANO,,,,0,1,1,,"139,99",
SIVIGLIA   ✅,FELPA ,A/I,FELPA L,PIOMBO,,,,1,0,1,,"139,99",
SIVIGLIA   ✅,FELPA ,A/I,FELPA L,CAMMELLO,,,,1,1,1,,"139,99",
,,,,,,,,,,,,,
SIDNEY  ✅,FELPA ,A/I,FELPA G,BIANCO,,,,,1,0,,"249,99",
SIDNEY  ✅,FELPA ,A/I,FELPA G,CAMMELLO ,,,,,1,3,,"249,99",
SYDNEY ✅,FELPA ,A/I,FELPA G,NERO ,,,,,0,3,,"249,99",
,,,,,,,,,,,,ù,
TAORMINA ,MAGLIONE ,P/E,MAGLIERIA ,BIANCO,3,,,,,,,120,
TAORMINA ,MAGLIONE ,P/E,MAGLIERIA ,NERO,3,,,,,,,120,
TAORMINA ,MAGLIONE ,P/E,MAGLIERIA ,CIOCCOLATO,3,,,,,,,120,
,,,,,,,,,,,,,
TENERIFE  ✅,FELPA ,A/I,FELPA P,NERO ,,,,0,2,1,,"129,99",
TENERIFE  ✅,FELPA ,A/I,FELPA P,BIANCO ,,,,1,2,0,,"129,99",
TENERIFE  ✅,FELPA ,A/I,FELPA P,AZZURRO ,,,,2,1,2,,"129,99",
TENERIFE  ✅,FELPA ,A/I,FELPA P,SALMONE ,,,,3,1,2,,"129,99",
TENERIFE  ✅,FELPA ,A/I,FELPA P,CREMA,,,,1,0,0,,"129,99",
,,,,,,,,,,,,,
TOKYO  T.D. ✅,FELPA ,A/I,FELPA G,NERO ,,,,1,,2,,"179,99",
 TOKYO. T.D ✅,FELPA ,A/I,FELPA G,BIANCO,,,,2,,4,,"179,99",
TOKYO  T.D. ✅,FELPA ,A/I,FELPA G,CAMMELLO,,,,3,,2,,"179,99",
,,,,,,,,,,,,,
TORONTO ✅,MAGLIONE ,A/I,MAGLIERIA ,GRIGIO,0,0,0,3,0,0,0,,
,,,,,,,,,,,,,
VENEZIA  ✅,ABITO ,P/E,FELPA P,,,,,1,,,,260,
,,,,,,,,,,,,,
VERSAILLES ✅,PANTALONI ,A/I,FELPA L,GRIGIO TF.,,,1,1,1,1,,"129,99",
VERSAILLES ✅,PANTALONI ,A/I,FELPA L,CIOCO   TF.,,,0,0,7,7,,"129,99",
,,,,,,,,,,,,,
VIENNA  T.D ✅,FELPA CROP ,A/I,FELPA L,NERO,,2,,3,,,,"99,99",
VIENNA  T.D ✅,FELPA CROP ,A/I,FELPA L,BIANCO,,2,,3,,,,"99,99",
VIENNA  T.D ✅,FELPA CROP ,A/I,FELPA L,PIOMBO ,,3,,0,,,,"99,99",
VIENNA  T.D ✅,FELPA CROP ,A/I,FELPA L,CAMMELLO,,3,,3,,,,"99,99",
,,,,,,,,,,,,,
VIRGINIA  ✅,PANTALONI ,A/I,LICRA ,NERO ,,,0,0,0,,,"49,99",
VIRGINIA  ✅,PANTALONI ,A/I,LICRA ,PIOMBO,,,3,4,0,,,"49,99",
VIRGINIA  ✅,PANTALONI ,A/I,LICRA ,CREMA,,,4,4,1,,,"49,99",
VIRGINIA  ✅,PANTALONI ,A/I,LICRA ,CIOCCOLATO,,,4,2,1,,,"49,99",
,,,,,,,,,,,,,
ZURIGO ✅,MAGLIONE ,A/I,MAGLIERIA ,GRIGIO,0,0,0,4,0,0,,,