sku,codice_prodotto,nome_capo,taglia,colore,stock_disponibile,fonte
HEE-ADELAIDE-S-BIA,HEE-001,Adelaide,S,BIANCO,0,inventario
HEE-ADELAIDE-M-BIA,HEE-001,Adelaide,M,BIANCO,2,inventario
HEE-ADELAIDE-L-BIA,HEE-001,Adelaide,L,BIANCO,3,inventario
HEE-ADELAIDE-S-PIO,HEE-001,Adelaide,S,PIOMBO,1,inventario
HEE-ADELAIDE-M-PIO,HEE-001,Adelaide,M,PIOMBO,6,inventario
HEE-ADELAIDE-L-PIO,HEE-001,Adelaide,L,PIOMBO,6,inventario
HEE-ADELAIDE-S-COR,HEE-001,Adelaide,S,CORDA,4,inventario
HEE-ADELAIDE-M-COR,HEE-001,Adelaide,M,CORDA,8,inventario
HEE-ADELAIDE-L-COR,HEE-001,Adelaide,L,CORDA,7,inventario
HEE-ALASKA-TU-CRE,HEE-002,Alaska,TU,CREMA,3,inventario
HEE-ALICANTE-S-CRE,HEE-003,Alicante,S,CREMA,1,inventario
HEE-ALICANTE-M-CRE,HEE-003,Alicante,M,CREMA,4,inventario
HEE-ALICANTE-S-NER,HEE-003,Alicante,S,NERO,2,inventario
HEE-ALICANTE-M-NER,HEE-003,Alicante,M,NERO,3,inventario
HEE-ALTEA-TU-NER,HEE-004,Altea,TU,NERO,4,inventario
HEE-ALTEA-TU-CIO,HEE-004,Altea,TU,CIOCCOLATO,3,inventario
HEE-ALTEA-TU-BIA,HEE-004,Altea,TU,BIANCO,3,inventario
HEE-AMALFI-S-CRE,HEE-005,Amalfi,S,CREMA,2,inventario
HEE-AMALFI-M-CRE,HEE-005,Amalfi,M,CREMA,4,inventario
HEE-AMALFI-L-CRE,HEE-005,Amalfi,L,CREMA,0,inventario
HEE-AMALFI-XL-CRE,HEE-005,Amalfi,XL,CREMA,0,inventario
HEE-AMALFI-XXL-CRE,HEE-005,Amalfi,XXL,CREMA,0,inventario
HEE-AMALFI-S-NER,HEE-005,Amalfi,S,NERO,2,inventario
HEE-AMALFI-M-NER,HEE-005,Amalfi,M,NERO,2,inventario
HEE-AMALFI-L-NER,HEE-005,Amalfi,L,NERO,0,inventario
HEE-AMALFI-XL-NER,HEE-005,Amalfi,XL,NERO,0,inventario
HEE-AMALFI-XXL-NER,HEE-005,Amalfi,XXL,NERO,0,inventario
HEE-AMSTERDA-S-NER,HEE-006,Amsterdam,S,NERO,2,inventario
HEE-AMSTERDA-M-NER,HEE-006,Amsterdam,M,NERO,3,inventario
HEE-AMSTERDA-L-NER,HEE-006,Amsterdam,L,NERO,0,inventario
HEE-AMSTERDA-S-CAM,HEE-006,Amsterdam,S,CAMMELLO,1,inventario
HEE-AMSTERDA-M-CAM,HEE-006,Amsterdam,M,CAMMELLO,5,inventario
HEE-AMSTERDA-L-CAM,HEE-006,Amsterdam,L,CAMMELLO,0,inventario
HEE-AMSTERDA-S-BIA,HEE-006,Amsterdam,S,BIANCO,0,inventario
HEE-AMSTERDA-M-BIA,HEE-006,Amsterdam,M,BIANCO,1,inventario
HEE-AMSTERDA-L-BIA,HEE-006,Amsterdam,L,BIANCO,1,inventario
HEE-AMSTERDA-S-PIO,HEE-006,Amsterdam,S,PIOMBO,5,inventario
HEE-AMSTERDA-M-PIO,HEE-006,Amsterdam,M,PIOMBO,3,inventario
HEE-AMSTERDA-L-PIO,HEE-006,Amsterdam,L,PIOMBO,5,inventario
HEE-ARGENTIN-M-NER,HEE-007,Argentina,M,NERO,1,inventario
HEE-ARGENTIN-L-NER,HEE-007,Argentina,L,NERO,1,inventario
HEE-ARGENTIN-XL-NER,HEE-007,Argentina,XL,NERO,1,inventario
HEE-ARGENTIN-M-CRE,HEE-007,Argentina,M,CREMA,0,inventario
HEE-ARGENTIN-L-CRE,HEE-007,Argentina,L,CREMA,0,inventario
HEE-ARGENTIN-XL-CRE,HEE-007,Argentina,XL,CREMA,0,inventario
HEE-ASIA-TU-NER,HEE-008,Asia,TU,NERO,3,inventario
HEE-ASIA-TU-BIA,HEE-008,Asia,TU,BIANCO,3,inventario
HEE-ASIA-TU-MOR,HEE-008,Asia,TU,MORO,2,inventario
HEE-ATLANTA-S-COR,HEE-009,Atlanta,S,CORDA,4,inventario
HEE-ATLANTA-M-COR,HEE-009,Atlanta,M,CORDA,3,inventario
HEE-ATLANTA-L-COR,HEE-009,Atlanta,L,CORDA,3,inventario
HEE-ATLANTA-S-NER,HEE-009,Atlanta,S,NERO,3,inventario
HEE-ATLANTA-M-NER,HEE-009,Atlanta,M,NERO,4,inventario
HEE-ATLANTA-L-NER,HEE-009,Atlanta,L,NERO,2,inventario
HEE-AUSTRALI-S-NER,HEE-010,Australia,S,NERO,2,inventario
HEE-AUSTRALI-M-NER,HEE-010,Australia,M,NERO,1,inventario
HEE-AUSTRALI-L-NER,HEE-010,Australia,L,NERO,1,inventario
HEE-AUSTRALI-S-COR,HEE-010,Australia,S,CORDA,2,inventario
HEE-AUSTRALI-M-COR,HEE-010,Australia,M,CORDA,1,inventario
HEE-AUSTRALI-L-COR,HEE-010,Australia,L,CORDA,1,inventario
HEE-BALTIMOR-S-SAL,HEE-011,Baltimora,S,SALMONE,2,inventario
HEE-BALTIMOR-M-SAL,HEE-011,Baltimora,M,SALMONE,1,inventario
HEE-BALTIMOR-S-BIA,HEE-011,Baltimora,S,BIANCO,0,inventario
HEE-BALTIMOR-M-BIA,HEE-011,Baltimora,M,BIANCO,2,inventario
HEE-BALTIMOR-S-SLV,HEE-011,Baltimora,S,SALVIA,2,inventario
HEE-BALTIMOR-M-SLV,HEE-011,Baltimora,M,SALVIA,2,inventario
HEE-BALTIMOR-S-CAM,HEE-011,Baltimora,S,CAMMELLO,2,inventario
HEE-BALTIMOR-M-CAM,HEE-011,Baltimora,M,CAMMELLO,1,inventario
HEE-BALTIMOR-S-CIO,HEE-011,Baltimora,S,CIOCCOLATO,2,inventario
HEE-BALTIMOR-M-CIO,HEE-011,Baltimora,M,CIOCCOLATO,2,inventario
HEE-BALTIMOR-S-PIO,HEE-011,Baltimora,S,PIOMBO,2,inventario
HEE-BALTIMOR-M-PIO,HEE-011,Baltimora,M,PIOMBO,0,inventario
HEE-BALTIMOR-S-NER,HEE-011,Baltimora,S,NERO,1,inventario
HEE-BALTIMOR-M-NER,HEE-011,Baltimora,M,NERO,1,inventario
HEE-BALTIMOR-S-CRE,HEE-011,Baltimora,S,CREMA,1,inventario
HEE-BALTIMOR-M-CRE,HEE-011,Baltimora,M,CREMA,2,inventario
HEE-BARCELLO-S-CAM,HEE-012,Barcellona,S,CAMMELLO,5,inventario
HEE-BARCELLO-M-CAM,HEE-012,Barcellona,M,CAMMELLO,6,inventario
HEE-BARCELLO-S-NER,HEE-012,Barcellona,S,NERO,5,inventario
HEE-BARCELLO-M-NER,HEE-012,Barcellona,M,NERO,6,inventario
HEE-BARCELLO-S-BIA,HEE-012,Barcellona,S,BIANCO,5,inventario
HEE-BARCELLO-M-BIA,HEE-012,Barcellona,M,BIANCO,5,inventario
HEE-BARCELLO-L-CAM,HEE-012,Barcellona,L,CAMMELLO,0,correzione-2026-09-11
HEE-BARCELLO-L-NER,HEE-012,Barcellona,L,NERO,0,correzione-2026-09-11
HEE-BARCELLO-L-BIA,HEE-012,Barcellona,L,BIANCO,0,correzione-2026-09-11
HEE-BARCELLO-SM-CAM,HEE-012,Barcellona,S/M,CAMMELLO,0,correzione-2026-09-11
HEE-BARCELLO-SM-NER,HEE-012,Barcellona,S/M,NERO,0,correzione-2026-09-11
HEE-BARCELLO-SM-BIA,HEE-012,Barcellona,S/M,BIANCO,0,correzione-2026-09-11
HEE-BARCELLO-LXL-CAM,HEE-012,Barcellona,L/XL,CAMMELLO,0,correzione-2026-09-11
HEE-BARCELLO-LXL-NER,HEE-012,Barcellona,L/XL,NERO,0,correzione-2026-09-11
HEE-BARCELLO-LXL-BIA,HEE-012,Barcellona,L/XL,BIANCO,0,correzione-2026-09-11
HEE-BERNA-TU-NER,HEE-013,Berna,TU,NERO,3,inventario
HEE-BILBAO-S-NER,HEE-014,Bilbao,S,NERO,0,inventario
HEE-BILBAO-M-NER,HEE-014,Bilbao,M,NERO,2,inventario
HEE-BILBAO-S-BIA,HEE-014,Bilbao,S,BIANCO,1,inventario
HEE-BILBAO-M-BIA,HEE-014,Bilbao,M,BIANCO,2,inventario
HEE-BOGOTA-S-NER,HEE-015,Bogotà,S,NERO,0,inventario
HEE-BOGOTA-M-NER,HEE-015,Bogotà,M,NERO,0,inventario
HEE-BOGOTA-L-NER,HEE-015,Bogotà,L,NERO,0,inventario
HEE-BOGOTA-XL-NER,HEE-015,Bogotà,XL,NERO,0,inventario
HEE-BOGOTA-S-CRE,HEE-015,Bogotà,S,CREMA,0,inventario
HEE-BOGOTA-M-CRE,HEE-015,Bogotà,M,CREMA,0,inventario
HEE-BOGOTA-L-CRE,HEE-015,Bogotà,L,CREMA,0,inventario
HEE-BOGOTA-XL-CRE,HEE-015,Bogotà,XL,CREMA,5,inventario
HEE-BOLOGNA-S-CRE,HEE-016,Bologna,S,CREMA,1,inventario
HEE-BOLOGNA-M-CRE,HEE-016,Bologna,M,CREMA,4,inventario
HEE-BOLOGNA-S-NER,HEE-016,Bologna,S,NERO,1,inventario
HEE-BOLOGNA-M-NER,HEE-016,Bologna,M,NERO,0,inventario
HEE-BOLOGNA-S-BIA,HEE-016,Bologna,S,BIANCO,0,inventario
HEE-BOLOGNA-M-BIA,HEE-016,Bologna,M,BIANCO,0,inventario
HEE-BOLOGNA-S-CAM,HEE-016,Bologna,S,CAMMELLO,1,inventario
HEE-BOLOGNA-M-CAM,HEE-016,Bologna,M,CAMMELLO,1,inventario
HEE-BOLOGNA-S-PIO,HEE-016,Bologna,S,PIOMBO,1,inventario
HEE-BOLOGNA-M-PIO,HEE-016,Bologna,M,PIOMBO,0,inventario
HEE-BOLOGNA-S-CIO,HEE-016,Bologna,S,CIOCCOLATO,1,inventario
HEE-BOLOGNA-M-CIO,HEE-016,Bologna,M,CIOCCOLATO,2,inventario
HEE-BOLOGNA-S-SAL,HEE-016,Bologna,S,SALMONE,1,inventario
HEE-BOLOGNA-M-SAL,HEE-016,Bologna,M,SALMONE,2,inventario
HEE-BOLOGNA-S-SLV,HEE-016,Bologna,S,SALVIA,1,inventario
HEE-BOLOGNA-M-SLV,HEE-016,Bologna,M,SALVIA,2,inventario
HEE-BOSTON-M-NER,HEE-017,Boston,M,NERO,0,inventario
HEE-BOSTON-L-NER,HEE-017,Boston,L,NERO,0,inventario
HEE-BOSTON-XL-NER,HEE-017,Boston,XL,NERO,1,inventario
HEE-BOSTON-M-COR,HEE-017,Boston,M,CORDA,1,inventario
HEE-BOSTON-L-COR,HEE-017,Boston,L,CORDA,2,inventario
HEE-BOSTON-XL-COR,HEE-017,Boston,XL,CORDA,2,inventario
HEE-BOSTON-M-CRE,HEE-017,Boston,M,CREMA,0,inventario
HEE-BOSTON-L-CRE,HEE-017,Boston,L,CREMA,2,inventario
HEE-BOSTON-XL-CRE,HEE-017,Boston,XL,CREMA,2,inventario
HEE-BRASILE-XS-NER,HEE-018,Brasile,XS,NERO,0,inventario
HEE-BRASILE-S-NER,HEE-018,Brasile,S,NERO,1,inventario
HEE-BRASILE-M-NER,HEE-018,Brasile,M,NERO,1,inventario
HEE-BRASILE-L-NER,HEE-018,Brasile,L,NERO,2,inventario
HEE-BRASILE-XS-BIA,HEE-018,Brasile,XS,BIANCO,0,inventario
HEE-BRASILE-S-BIA,HEE-018,Brasile,S,BIANCO,1,inventario
HEE-BRASILE-M-BIA,HEE-018,Brasile,M,BIANCO,1,inventario
HEE-BRASILE-L-BIA,HEE-018,Brasile,L,BIANCO,1,inventario
HEE-BRASILE-XS-CRE,HEE-018,Brasile,XS,CREMA,1,inventario
HEE-BRASILE-S-CRE,HEE-018,Brasile,S,CREMA,1,inventario
HEE-BRASILE-M-CRE,HEE-018,Brasile,M,CREMA,0,inventario
HEE-BRASILE-L-CRE,HEE-018,Brasile,L,CREMA,0,inventario
HEE-BRASILE-XS-COR,HEE-018,Brasile,XS,CORDA,1,inventario
HEE-BRASILE-S-COR,HEE-018,Brasile,S,CORDA,1,inventario
HEE-BRASILE-M-COR,HEE-018,Brasile,M,CORDA,1,inventario
HEE-BRASILE-L-COR,HEE-018,Brasile,L,CORDA,0,inventario
HEE-BRASILE-XS-SAL,HEE-018,Brasile,XS,SALMONE,1,inventario
HEE-BRASILE-S-SAL,HEE-018,Brasile,S,SALMONE,1,inventario
HEE-BRASILE-M-SAL,HEE-018,Brasile,M,SALMONE,1,inventario
HEE-BRASILE-L-SAL,HEE-018,Brasile,L,SALMONE,1,inventario
HEE-BRASILE-XS-AZZ,HEE-018,Brasile,XS,AZZURRO,1,inventario
HEE-BRASILE-S-AZZ,HEE-018,Brasile,S,AZZURRO,1,inventario
HEE-BRASILE-M-AZZ,HEE-018,Brasile,M,AZZURRO,1,inventario
HEE-BRASILE-L-AZZ,HEE-018,Brasile,L,AZZURRO,1,inventario
HEE-BUDAPEST-M-NER,HEE-019,Budapest,M,NERO,2,inventario
HEE-BUDAPEST-L-NER,HEE-019,Budapest,L,NERO,2,inventario
HEE-BUDAPEST-XL-NER,HEE-019,Budapest,XL,NERO,3,inventario
HEE-BUDAPEST-M-CRE,HEE-019,Budapest,M,CREMA,1,inventario
HEE-BUDAPEST-L-CRE,HEE-019,Budapest,L,CREMA,2,inventario
HEE-BUDAPEST-XL-CRE,HEE-019,Budapest,XL,CREMA,3,inventario
HEE-BUDAPEST-M-COR,HEE-019,Budapest,M,CORDA,3,inventario
HEE-BUDAPEST-L-COR,HEE-019,Budapest,L,CORDA,1,inventario
HEE-BUDAPEST-XL-COR,HEE-019,Budapest,XL,CORDA,2,inventario
HEE-CALI-TU-CRE,HEE-020,Cali,TU,CREMA,1,inventario
HEE-CALI-TU-NER,HEE-020,Cali,TU,NERO,2,inventario
HEE-CALI-TU-CIO,HEE-020,Cali,TU,CIOCCOLATO,1,inventario
HEE-CALIFORN-S-BIA,HEE-021,California,S,BIANCO,1,inventario
HEE-CALIFORN-M-BIA,HEE-021,California,M,BIANCO,2,inventario
HEE-CALIFORN-L-BIA,HEE-021,California,L,BIANCO,5,inventario
HEE-CALIFORN-S-COR,HEE-021,California,S,CORDA T.F,5,inventario
HEE-CALIFORN-M-COR,HEE-021,California,M,CORDA T.F,4,inventario
HEE-CALIFORN-L-COR,HEE-021,California,L,CORDA T.F,4,inventario
HEE-CALIFORN-S-PIO,HEE-021,California,S,PIOMBO T.F,6,inventario
HEE-CALIFORN-M-PIO,HEE-021,California,M,PIOMBO T.F,3,inventario
HEE-CALIFORN-L-PIO,HEE-021,California,L,PIOMBO T.F,2,inventario
HEE-CAMBRIDG-M-GRI,HEE-022,Cambridge,M,GRIGIO T.F,0,inventario
HEE-CAMBRIDG-L-GRI,HEE-022,Cambridge,L,GRIGIO T.F,2,inventario
HEE-CAMBRIDG-XL-GRI,HEE-022,Cambridge,XL,GRIGIO T.F,0,inventario
HEE-CAMBRIDG-M-NER,HEE-022,Cambridge,M,NERO,3,inventario
HEE-CAMBRIDG-L-NER,HEE-022,Cambridge,L,NERO,5,inventario
HEE-CAMBRIDG-XL-NER,HEE-022,Cambridge,XL,NERO,3,inventario
HEE-CAMBRIDG-M-BIA,HEE-022,Cambridge,M,BIANCO,2,inventario
HEE-CAMBRIDG-L-BIA,HEE-022,Cambridge,L,BIANCO,7,inventario
HEE-CAMBRIDG-XL-BIA,HEE-022,Cambridge,XL,BIANCO,3,inventario
HEE-CAMBRIDG-M-CAM,HEE-022,Cambridge,M,CAMMELLO,2,inventario
HEE-CAMBRIDG-L-CAM,HEE-022,Cambridge,L,CAMMELLO,8,inventario
HEE-CAMBRIDG-XL-CAM,HEE-022,Cambridge,XL,CAMMELLO,4,inventario
HEE-CANADA-M-COR,HEE-023,Canada,M,CORDA,0,inventario
HEE-CANADA-L-COR,HEE-023,Canada,L,CORDA,1,inventario
HEE-CANADA-XL-COR,HEE-023,Canada,XL,CORDA,1,inventario
HEE-CANADA-M-NER,HEE-023,Canada,M,NERO,1,inventario
HEE-CANADA-L-NER,HEE-023,Canada,L,NERO,2,inventario
HEE-CANADA-XL-NER,HEE-023,Canada,XL,NERO,3,inventario
HEE-CANARIE-S-NER,HEE-024,Canarie,S,NERO,1,inventario
HEE-CANARIE-M-NER,HEE-024,Canarie,M,NERO,2,inventario
HEE-CANARIE-S-CIO,HEE-024,Canarie,S,CIOCCOLATO,0,inventario
HEE-CANARIE-M-CIO,HEE-024,Canarie,M,CIOCCOLATO,0,inventario
HEE-CANARIE-S-PIO,HEE-024,Canarie,S,PIOMBO,2,inventario
HEE-CANARIE-M-PIO,HEE-024,Canarie,M,PIOMBO,3,inventario
HEE-CAPRI-S-NER,HEE-025,Capri,S,NERO,0,catalogo
HEE-CAPRI-M-NER,HEE-025,Capri,M,NERO,0,catalogo
HEE-CAPRI-S-CRE,HEE-025,Capri,S,CREMA,0,catalogo
HEE-CAPRI-M-CRE,HEE-025,Capri,M,CREMA,0,catalogo
HEE-CEFALU-S-COR,HEE-026,Cefalù,S,CORDA,1,inventario
HEE-CEFALU-M-COR,HEE-026,Cefalù,M,CORDA,2,inventario
HEE-CEFALU-S-CRE,HEE-026,Cefalù,S,CREMA,3,inventario
HEE-CEFALU-M-CRE,HEE-026,Cefalù,M,CREMA,2,inventario
HEE-CEFALU-S-NER,HEE-026,Cefalù,S,NERO,1,inventario
HEE-CEFALU-M-NER,HEE-026,Cefalù,M,NERO,2,inventario
HEE-CIPRO-TU-NER,HEE-027,Cipro,TU,NERO,1,inventario
HEE-CIPRO-TU-CRE,HEE-027,Cipro,TU,CREMA,3,inventario
HEE-CIPRO-TU-CIO,HEE-027,Cipro,TU,CIOCCOLATO,1,inventario
HEE-CORTINA-S-NER,HEE-028,Cortina,S,NERO,0,inventario
HEE-CORTINA-M-NER,HEE-028,Cortina,M,NERO,2,inventario
HEE-CORTINA-L-NER,HEE-028,Cortina,L,NERO,0,inventario
HEE-CORTINA-XL-NER,HEE-028,Cortina,XL,NERO,2,inventario
HEE-CORTINA-S-BIA,HEE-028,Cortina,S,BIANCO,1,inventario
HEE-CORTINA-M-BIA,HEE-028,Cortina,M,BIANCO,1,inventario
HEE-CORTINA-L-BIA,HEE-028,Cortina,L,BIANCO,1,inventario
HEE-CORTINA-XL-BIA,HEE-028,Cortina,XL,BIANCO,1,inventario
HEE-CORTINA-S-CAM,HEE-028,Cortina,S,CAMMELLO,2,inventario
HEE-CORTINA-M-CAM,HEE-028,Cortina,M,CAMMELLO,1,inventario
HEE-CORTINA-L-CAM,HEE-028,Cortina,L,CAMMELLO,3,inventario
HEE-CORTINA-XL-CAM,HEE-028,Cortina,XL,CAMMELLO,2,inventario
HEE-COURMAYE-S-GRI,HEE-029,Courmayeur,S,GRIGIO,0,inventario
HEE-COURMAYE-M-GRI,HEE-029,Courmayeur,M,GRIGIO,0,inventario
HEE-COURMAYE-L-GRI,HEE-029,Courmayeur,L,GRIGIO,4,inventario
HEE-COURMAYE-XL-GRI,HEE-029,Courmayeur,XL,GRIGIO,0,inventario
HEE-DANIMARC-M-NER,HEE-030,Danimarca,M,NERO,0,inventario
HEE-DANIMARC-L-NER,HEE-030,Danimarca,L,NERO,3,inventario
HEE-DANIMARC-XL-NER,HEE-030,Danimarca,XL,NERO,1,inventario
HEE-DANIMARC-M-CIO,HEE-030,Danimarca,M,CIOCO   TF.,1,inventario
HEE-DANIMARC-L-CIO,HEE-030,Danimarca,L,CIOCO   TF.,0,inventario
HEE-DANIMARC-XL-CIO,HEE-030,Danimarca,XL,CIOCO   TF.,0,inventario
HEE-DANIMARC-M-GRI,HEE-030,Danimarca,M,GRIGIO T.F,4,inventario
HEE-DANIMARC-L-GRI,HEE-030,Danimarca,L,GRIGIO T.F,4,inventario
HEE-DANIMARC-XL-GRI,HEE-030,Danimarca,XL,GRIGIO T.F,0,inventario
HEE-DETROIT-M-GRI,HEE-032,Detroit,M,GRIGIO T.F,2,inventario
HEE-DETROIT-L-GRI,HEE-032,Detroit,L,GRIGIO T.F,2,inventario
HEE-DETROIT-XL-GRI,HEE-032,Detroit,XL,GRIGIO T.F,6,inventario
HEE-DETROIT-M-CAM,HEE-032,Detroit,M,CAMMELLO,0,inventario
HEE-DETROIT-L-CAM,HEE-032,Detroit,L,CAMMELLO,1,inventario
HEE-DETROIT-XL-CAM,HEE-032,Detroit,XL,CAMMELLO,0,inventario
HEE-DETROIT-M-NER,HEE-032,Detroit,M,NERO,1,inventario
HEE-DETROIT-L-NER,HEE-032,Detroit,L,NERO,1,inventario
HEE-DETROIT-XL-NER,HEE-032,Detroit,XL,NERO,0,inventario
HEE-DETROIT-M-BIA,HEE-032,Detroit,M,BIANCO,1,inventario
HEE-DETROIT-L-BIA,HEE-032,Detroit,L,BIANCO,1,inventario
HEE-DETROIT-XL-BIA,HEE-032,Detroit,XL,BIANCO,0,inventario
HEE-DUBAI-TU-BIA,HEE-033,Dubai,TU,BIANCO,1,inventario
HEE-DUBAI-TU-NER,HEE-033,Dubai,TU,NERO,1,inventario
HEE-DUBAI-TU-CIO,HEE-033,Dubai,TU,CIOCCOLATO,1,inventario
HEE-DUBLINO-L-GRI,HEE-034,Dublino,L,GRIGIO,4,inventario
HEE-DUBLINO-L-NER,HEE-034,Dublino,L,NERO/GRIGIO,4,inventario
HEE-DUBLINO-M-VER,HEE-034,Dublino,M,VERDE,1,inventario
HEE-DUBLINO-M-ROS,HEE-034,Dublino,M,ROSA/VERDE,1,inventario
HEE-FINLANDI-TU-CRE,HEE-035,Finlandia,TU,CREMA,3,inventario
HEE-FINLANDI-TU-ROS,HEE-035,Finlandia,TU,ROSA,5,inventario
HEE-FINLANDI-TU-PIO,HEE-035,Finlandia,TU,PIOMBO,2,inventario
HEE-FINLANDI-TU-GRI,HEE-035,Finlandia,TU,GRIGIO,4,inventario
HEE-FINLANDI-TU-NER,HEE-035,Finlandia,TU,NERO,1,inventario
HEE-FINLANDI-TU-VER,HEE-035,Finlandia,TU,VERDE,7,inventario
HEE-FORMENTE-S-NER,HEE-036,Formentera,S,NERO,2,inventario
HEE-FORMENTE-M-NER,HEE-036,Formentera,M,NERO,0,inventario
HEE-FORMENTE-L-NER,HEE-036,Formentera,L,NERO,0,inventario
HEE-FORMENTE-S-BIA,HEE-036,Formentera,S,BIANCO,1,inventario
HEE-FORMENTE-M-BIA,HEE-036,Formentera,M,BIANCO,1,inventario
HEE-FORMENTE-L-BIA,HEE-036,Formentera,L,BIANCO,0,inventario
HEE-FORMENTE-S-CRE,HEE-036,Formentera,S,CREMA,1,inventario
HEE-FORMENTE-M-CRE,HEE-036,Formentera,M,CREMA,3,inventario
HEE-FORMENTE-L-CRE,HEE-036,Formentera,L,CREMA,0,inventario
HEE-FORMENTE-S-COR,HEE-036,Formentera,S,CORDA,2,inventario
HEE-FORMENTE-M-COR,HEE-036,Formentera,M,CORDA,1,inventario
HEE-FORMENTE-L-COR,HEE-036,Formentera,L,CORDA,1,inventario
HEE-FORMENTE-S-AZZ,HEE-036,Formentera,S,AZZURRO,0,inventario
HEE-FORMENTE-M-AZZ,HEE-036,Formentera,M,AZZURRO,3,inventario
HEE-FORMENTE-L-AZZ,HEE-036,Formentera,L,AZZURRO,1,inventario
HEE-FORMENTE-S-SAL,HEE-036,Formentera,S,SALMONE,1,inventario
HEE-FORMENTE-M-SAL,HEE-036,Formentera,M,SALMONE,2,inventario
HEE-FORMENTE-L-SAL,HEE-036,Formentera,L,SALMONE,1,inventario
HEE-FRANCOFO-M-NER,HEE-037,Francoforte,M,NERO,0,inventario
HEE-FRANCOFO-L-NER,HEE-037,Francoforte,L,NERO,3,inventario
HEE-FRANCOFO-XL-NER,HEE-037,Francoforte,XL,NERO,3,inventario
HEE-FRANCOFO-M-GRI,HEE-037,Francoforte,M,GRIGIO TF.,3,inventario
HEE-FRANCOFO-L-GRI,HEE-037,Francoforte,L,GRIGIO TF.,4,inventario
HEE-FRANCOFO-XL-GRI,HEE-037,Francoforte,XL,GRIGIO TF.,0,inventario
HEE-FRANCOFO-M-CIO,HEE-037,Francoforte,M,CIOCO   TF.,3,inventario
HEE-FRANCOFO-L-CIO,HEE-037,Francoforte,L,CIOCO   TF.,2,inventario
HEE-FRANCOFO-XL-CIO,HEE-037,Francoforte,XL,CIOCO   TF.,0,inventario
HEE-GEORGIA-S-NER,HEE-038,Georgia,S,NERO,3,inventario
HEE-GEORGIA-M-NER,HEE-038,Georgia,M,NERO,3,inventario
HEE-GEORGIA-L-NER,HEE-038,Georgia,L,NERO,1,inventario
HEE-GEORGIA-S-COR,HEE-038,Georgia,S,CORDA,3,inventario
HEE-GEORGIA-M-COR,HEE-038,Georgia,M,CORDA,2,inventario
HEE-GEORGIA-L-COR,HEE-038,Georgia,L,CORDA,1,inventario
HEE-GINEVRA-XS-NER,HEE-039,Ginevra,XS,NERO,1,inventario
HEE-GINEVRA-S-NER,HEE-039,Ginevra,S,NERO,0,inventario
HEE-GINEVRA-M-NER,HEE-039,Ginevra,M,NERO,0,inventario
HEE-GINEVRA-L-NER,HEE-039,Ginevra,L,NERO,0,inventario
HEE-GINEVRA-XS-PIO,HEE-039,Ginevra,XS,PIOMBO,2,inventario
HEE-GINEVRA-S-PIO,HEE-039,Ginevra,S,PIOMBO,1,inventario
HEE-GINEVRA-M-PIO,HEE-039,Ginevra,M,PIOMBO,0,inventario
HEE-GINEVRA-L-PIO,HEE-039,Ginevra,L,PIOMBO,2,inventario
HEE-GINEVRA-XS-CIO,HEE-039,Ginevra,XS,CIOCCOLATO,2,inventario
HEE-GINEVRA-S-CIO,HEE-039,Ginevra,S,CIOCCOLATO,2,inventario
HEE-GINEVRA-M-CIO,HEE-039,Ginevra,M,CIOCCOLATO,1,inventario
HEE-GINEVRA-L-CIO,HEE-039,Ginevra,L,CIOCCOLATO,1,inventario
HEE-HELSINKI-S-NER,HEE-040,Helsinki,S,NERO,3,inventario
HEE-HELSINKI-M-NER,HEE-040,Helsinki,M,NERO,3,inventario
HEE-HELSINKI-L-NER,HEE-040,Helsinki,L,NERO,2,inventario
HEE-HELSINKI-S-CRE,HEE-040,Helsinki,S,CREMA,2,inventario
HEE-HELSINKI-M-CRE,HEE-040,Helsinki,M,CREMA,0,inventario
HEE-HELSINKI-L-CRE,HEE-040,Helsinki,L,CREMA,1,inventario
HEE-HELSINKI-S-COR,HEE-040,Helsinki,S,CORDA,2,inventario
HEE-HELSINKI-M-COR,HEE-040,Helsinki,M,CORDA,2,inventario
HEE-HELSINKI-L-COR,HEE-040,Helsinki,L,CORDA,2,inventario
HEE-IBIZA-S-NER,HEE-041,Ibiza,S,NERO,3,inventario
HEE-IBIZA-M-NER,HEE-041,Ibiza,M,NERO,2,inventario
HEE-IBIZA-L-NER,HEE-041,Ibiza,L,NERO,3,inventario
HEE-IBIZA-S-CRE,HEE-041,Ibiza,S,CREMA,0,inventario
HEE-IBIZA-M-CRE,HEE-041,Ibiza,M,CREMA,2,inventario
HEE-IBIZA-L-CRE,HEE-041,Ibiza,L,CREMA,2,inventario
HEE-IBIZA-S-SAL,HEE-041,Ibiza,S,SALMONE,2,inventario
HEE-IBIZA-M-SAL,HEE-041,Ibiza,M,SALMONE,2,inventario
HEE-IBIZA-L-SAL,HEE-041,Ibiza,L,SALMONE,1,inventario
HEE-IBIZA-S-AZZ,HEE-041,Ibiza,S,AZZURRO,0,inventario
HEE-IBIZA-M-AZZ,HEE-041,Ibiza,M,AZZURRO,2,inventario
HEE-IBIZA-L-AZZ,HEE-041,Ibiza,L,AZZURRO,2,inventario
HEE-IMPERIA-S-NER,HEE-042,Imperia,S,NERO,0,inventario
HEE-IMPERIA-M-NER,HEE-042,Imperia,M,NERO,0,inventario
HEE-IMPERIA-L-NER,HEE-042,Imperia,L,NERO,2,inventario
HEE-IMPERIA-S-PIO,HEE-042,Imperia,S,PIOMBO,1,inventario
HEE-IMPERIA-M-PIO,HEE-042,Imperia,M,PIOMBO,1,inventario
HEE-IMPERIA-L-PIO,HEE-042,Imperia,L,PIOMBO,1,inventario
HEE-IMPERIA-S-SLV,HEE-042,Imperia,S,SALVIA,1,inventario
HEE-IMPERIA-M-SLV,HEE-042,Imperia,M,SALVIA,1,inventario
HEE-IMPERIA-L-SLV,HEE-042,Imperia,L,SALVIA,2,inventario
HEE-IMPERIA-S-CAM,HEE-042,Imperia,S,CAMMELLO,0,inventario
HEE-IMPERIA-M-CAM,HEE-042,Imperia,M,CAMMELLO,2,inventario
HEE-IMPERIA-L-CAM,HEE-042,Imperia,L,CAMMELLO,3,inventario
HEE-ISLANDA-S-VER,HEE-043,Islanda,S,VERDE,0,inventario
HEE-ISLANDA-M-VER,HEE-043,Islanda,M,VERDE,5,inventario
HEE-ISTANBUL-M-NER,HEE-044,Istanbul,M,NERO,1,inventario
HEE-JULY-S-NER,HEE-045,July,S,NERO,2,inventario
HEE-JULY-M-NER,HEE-045,July,M,NERO,3,inventario
HEE-JULY-L-NER,HEE-045,July,L,NERO,0,inventario
HEE-JULY-XL-NER,HEE-045,July,XL,NERO,0,inventario
HEE-JULY-S-SLV,HEE-045,July,S,SALVIA,1,inventario
HEE-JULY-M-SLV,HEE-045,July,M,SALVIA,2,inventario
HEE-JULY-L-SLV,HEE-045,July,L,SALVIA,1,inventario
HEE-JULY-XL-SLV,HEE-045,July,XL,SALVIA,0,inventario
HEE-JULY-S-PIO,HEE-045,July,S,PIOMBO,2,inventario
HEE-JULY-M-PIO,HEE-045,July,M,PIOMBO,1,inventario
HEE-JULY-L-PIO,HEE-045,July,L,PIOMBO,2,inventario
HEE-JULY-XL-PIO,HEE-045,July,XL,PIOMBO,0,inventario
HEE-JULY-S-CAM,HEE-045,July,S,CAMMELLO,0,inventario
HEE-JULY-M-CAM,HEE-045,July,M,CAMMELLO,1,inventario
HEE-JULY-L-CAM,HEE-045,July,L,CAMMELLO,1,inventario
HEE-JULY-XL-CAM,HEE-045,July,XL,CAMMELLO,1,inventario
HEE-JULY-S-CIO,HEE-045,July,S,CIOCCOLATO,0,inventario
HEE-JULY-M-CIO,HEE-045,July,M,CIOCCOLATO,2,inventario
HEE-JULY-L-CIO,HEE-045,July,L,CIOCCOLATO,1,inventario
HEE-JULY-XL-CIO,HEE-045,July,XL,CIOCCOLATO,0,inventario
HEE-JULY-S-CRE,HEE-045,July,S,CREMA,1,inventario
HEE-JULY-M-CRE,HEE-045,July,M,CREMA,1,inventario
HEE-JULY-L-CRE,HEE-045,July,L,CREMA,0,inventario
HEE-JULY-XL-CRE,HEE-045,July,XL,CREMA,0,inventario
HEE-JULY-S-BIA,HEE-045,July,S,BIANCO,0,inventario
HEE-JULY-M-BIA,HEE-045,July,M,BIANCO,0,inventario
HEE-JULY-L-BIA,HEE-045,July,L,BIANCO,1,inventario
HEE-JULY-XL-BIA,HEE-045,July,XL,BIANCO,0,inventario
HEE-JULY-S-SLM,HEE-045,July,S,SALMONE,1,inventario
HEE-JULY-M-SLM,HEE-045,July,M,SALMONE,0,inventario
HEE-JULY-L-SLM,HEE-045,July,L,SALMONE,0,inventario
HEE-JULY-XL-SLM,HEE-045,July,XL,SALMONE,0,inventario
HEE-LIONE-XS-PIO,HEE-046,Lione,XS,PIOMBO,1,inventario
HEE-LIONE-M-PIO,HEE-046,Lione,M,PIOMBO,0,inventario
HEE-LIONE-XL-PIO,HEE-046,Lione,XL,PIOMBO,1,inventario
HEE-LIONE-XS-NER,HEE-046,Lione,XS,NERO,1,inventario
HEE-LIONE-M-NER,HEE-046,Lione,M,NERO,1,inventario
HEE-LIONE-XL-NER,HEE-046,Lione,XL,NERO,1,inventario
HEE-LIONE-XS-BIA,HEE-046,Lione,XS,BIANCO,1,inventario
HEE-LIONE-M-BIA,HEE-046,Lione,M,BIANCO,1,inventario
HEE-LIONE-XL-BIA,HEE-046,Lione,XL,BIANCO,0,inventario
HEE-LIONE-XS-SAL,HEE-046,Lione,XS,SALMONE,1,inventario
HEE-LIONE-M-SAL,HEE-046,Lione,M,SALMONE,0,inventario
HEE-LIONE-XL-SAL,HEE-046,Lione,XL,SALMONE,1,inventario
HEE-LIONE-XS-VER,HEE-046,Lione,XS,VERDE,1,inventario
HEE-LIONE-M-VER,HEE-046,Lione,M,VERDE,1,inventario
HEE-LIONE-XL-VER,HEE-046,Lione,XL,VERDE,0,inventario
HEE-LIONE-XS-CRE,HEE-046,Lione,XS,CREMA,1,inventario
HEE-LIONE-M-CRE,HEE-046,Lione,M,CREMA,0,inventario
HEE-LIONE-XL-CRE,HEE-046,Lione,XL,CREMA,2,inventario
HEE-LIONE-XS-CAM,HEE-046,Lione,XS,CAMMELLO,1,inventario
HEE-LIONE-M-CAM,HEE-046,Lione,M,CAMMELLO,1,inventario
HEE-LIONE-XL-CAM,HEE-046,Lione,XL,CAMMELLO,1,inventario
HEE-LIONE-XS-CIO,HEE-046,Lione,XS,CIOCCOLATO,1,inventario
HEE-LIONE-M-CIO,HEE-046,Lione,M,CIOCCOLATO,1,inventario
HEE-LIONE-XL-CIO,HEE-046,Lione,XL,CIOCCOLATO,1,inventario
HEE-LIONE-XS-GRI,HEE-046,Lione,XS,GRIGIO T.F,0,inventario
HEE-LIONE-M-GRI,HEE-046,Lione,M,GRIGIO T.F,2,inventario
HEE-LIONE-XL-GRI,HEE-046,Lione,XL,GRIGIO T.F,0,inventario
HEE-LIONE-XS-CIT,HEE-046,Lione,XS,CIOCCOLATO TF,0,inventario
HEE-LIONE-M-CIT,HEE-046,Lione,M,CIOCCOLATO TF,2,inventario
HEE-LIONE-XL-CIT,HEE-046,Lione,XL,CIOCCOLATO TF,0,inventario
HEE-LIVERPOO-S-SLV,HEE-047,Liverpool,S,SALVIA,2,inventario
HEE-LIVERPOO-M-SLV,HEE-047,Liverpool,M,SALVIA,0,inventario
HEE-LIVERPOO-L-SLV,HEE-047,Liverpool,L,SALVIA,1,inventario
HEE-LIVERPOO-XL-SLV,HEE-047,Liverpool,XL,SALVIA,1,inventario
HEE-LIVERPOO-XXL-SLV,HEE-047,Liverpool,XXL,SALVIA,1,inventario
HEE-LIVERPOO-S-CRE,HEE-047,Liverpool,S,CREMA,2,inventario
HEE-LIVERPOO-M-CRE,HEE-047,Liverpool,M,CREMA,1,inventario
HEE-LIVERPOO-L-CRE,HEE-047,Liverpool,L,CREMA,1,inventario
HEE-LIVERPOO-XL-CRE,HEE-047,Liverpool,XL,CREMA,1,inventario
HEE-LIVERPOO-XXL-CRE,HEE-047,Liverpool,XXL,CREMA,1,inventario
HEE-LIVERPOO-S-BIA,HEE-047,Liverpool,S,BIANCO,3,inventario
HEE-LIVERPOO-M-BIA,HEE-047,Liverpool,M,BIANCO,0,inventario
HEE-LIVERPOO-L-BIA,HEE-047,Liverpool,L,BIANCO,2,inventario
HEE-LIVERPOO-XL-BIA,HEE-047,Liverpool,XL,BIANCO,1,inventario
HEE-LIVERPOO-XXL-BIA,HEE-047,Liverpool,XXL,BIANCO,2,inventario
HEE-LIVERPOO-S-NER,HEE-047,Liverpool,S,NERO,1,inventario
HEE-LIVERPOO-M-NER,HEE-047,Liverpool,M,NERO,2,inventario
HEE-LIVERPOO-L-NER,HEE-047,Liverpool,L,NERO,2,inventario
HEE-LIVERPOO-XL-NER,HEE-047,Liverpool,XL,NERO,1,inventario
HEE-LIVERPOO-XXL-NER,HEE-047,Liverpool,XXL,NERO,1,inventario
HEE-LIVERPOO-S-PIO,HEE-047,Liverpool,S,PIOMBO,2,inventario
HEE-LIVERPOO-M-PIO,HEE-047,Liverpool,M,PIOMBO,1,inventario
HEE-LIVERPOO-L-PIO,HEE-047,Liverpool,L,PIOMBO,2,inventario
HEE-LIVERPOO-XL-PIO,HEE-047,Liverpool,XL,PIOMBO,1,inventario
HEE-LIVERPOO-XXL-PIO,HEE-047,Liverpool,XXL,PIOMBO,2,inventario
HEE-LIVERPOO-S-CAM,HEE-047,Liverpool,S,CAMMELLO,4,inventario
HEE-LIVERPOO-M-CAM,HEE-047,Liverpool,M,CAMMELLO,1,inventario
HEE-LIVERPOO-L-CAM,HEE-047,Liverpool,L,CAMMELLO,2,inventario
HEE-LIVERPOO-XL-CAM,HEE-047,Liverpool,XL,CAMMELLO,1,inventario
HEE-LIVERPOO-XXL-CAM,HEE-047,Liverpool,XXL,CAMMELLO,2,inventario
HEE-LIVERPOO-S-SAL,HEE-047,Liverpool,S,SALMONE,0,inventario
HEE-LIVERPOO-M-SAL,HEE-047,Liverpool,M,SALMONE,1,inventario
HEE-LIVERPOO-L-SAL,HEE-047,Liverpool,L,SALMONE,1,inventario
HEE-LIVERPOO-XL-SAL,HEE-047,Liverpool,XL,SALMONE,1,inventario
HEE-LIVERPOO-XXL-SAL,HEE-047,Liverpool,XXL,SALMONE,2,inventario
HEE-LIVERPOO-S-CIO,HEE-047,Liverpool,S,CIOCCOLATO,0,inventario
HEE-LIVERPOO-M-CIO,HEE-047,Liverpool,M,CIOCCOLATO,2,inventario
HEE-LIVERPOO-L-CIO,HEE-047,Liverpool,L,CIOCCOLATO,2,inventario
HEE-LIVERPOO-XL-CIO,HEE-047,Liverpool,XL,CIOCCOLATO,1,inventario
HEE-LIVERPOO-XXL-CIO,HEE-047,Liverpool,XXL,CIOCCOLATO,2,inventario
HEE-LONDRA-TU-CRE,HEE-048,Londra,TU,CREMA,4,inventario
HEE-LOSANGEL-M-BIA,HEE-049,Los Angeles,M,BIANCO,4,inventario
HEE-LOSANGEL-XL-BIA,HEE-049,Los Angeles,XL,BIANCO,4,inventario
HEE-LOSANGEL-M-NER,HEE-049,Los Angeles,M,NERO,16,inventario
HEE-LOSANGEL-XL-NER,HEE-049,Los Angeles,XL,NERO,8,inventario
HEE-LOSANGEL-M-CAM,HEE-049,Los Angeles,M,CAMMELLO,8,inventario
HEE-LOSANGEL-XL-CAM,HEE-049,Los Angeles,XL,CAMMELLO,4,inventario
HEE-MAIORCA-S-NER,HEE-050,Maiorca,S,NERO,0,inventario
HEE-MAIORCA-M-NER,HEE-050,Maiorca,M,NERO,2,inventario
HEE-MAIORCA-S-CRE,HEE-050,Maiorca,S,CREMA,4,inventario
HEE-MAIORCA-M-CRE,HEE-050,Maiorca,M,CREMA,2,inventario
HEE-MALAGA-S-AZZ,HEE-051,Malaga,S,AZZURRO,3,inventario
HEE-MALAGA-M-AZZ,HEE-051,Malaga,M,AZZURRO,0,inventario
HEE-MALAGA-L-AZZ,HEE-051,Malaga,L,AZZURRO,0,inventario
HEE-MALAGA-S-NER,HEE-051,Malaga,S,NERO,1,inventario
HEE-MALAGA-M-NER,HEE-051,Malaga,M,NERO,1,inventario
HEE-MALAGA-L-NER,HEE-051,Malaga,L,NERO,1,inventario
HEE-MALAGA-S-COR,HEE-051,Malaga,S,CORDA,1,inventario
HEE-MALAGA-M-COR,HEE-051,Malaga,M,CORDA,1,inventario
HEE-MALAGA-L-COR,HEE-051,Malaga,L,CORDA,1,inventario
HEE-MALAGA-S-BIA,HEE-051,Malaga,S,BIANCO,2,inventario
HEE-MALAGA-M-BIA,HEE-051,Malaga,M,BIANCO,1,inventario
HEE-MALAGA-L-BIA,HEE-051,Malaga,L,BIANCO,1,inventario
HEE-MALESIA-TU-NER,HEE-052,Malesia,TU,NERO,0,inventario
HEE-MALESIA-XS-NER,HEE-052,Malesia,XS,NERO,0,inventario
HEE-MALESIA-S-NER,HEE-052,Malesia,S,NERO,0,inventario
HEE-MALESIA-M-NER,HEE-052,Malesia,M,NERO,0,inventario
HEE-MALESIA-L-NER,HEE-052,Malesia,L,NERO,1,inventario
HEE-MALESIA-XL-NER,HEE-052,Malesia,XL,NERO,0,inventario
HEE-MALESIA-XXL-NER,HEE-052,Malesia,XXL,NERO,0,inventario
HEE-MALESIA-TU-GRI,HEE-052,Malesia,TU,GRIGIO TF.,0,inventario
HEE-MALESIA-XS-GRI,HEE-052,Malesia,XS,GRIGIO TF.,0,inventario
HEE-MALESIA-S-GRI,HEE-052,Malesia,S,GRIGIO TF.,0,inventario
HEE-MALESIA-M-GRI,HEE-052,Malesia,M,GRIGIO TF.,0,inventario
HEE-MALESIA-L-GRI,HEE-052,Malesia,L,GRIGIO TF.,1,inventario
HEE-MALESIA-XL-GRI,HEE-052,Malesia,XL,GRIGIO TF.,0,inventario
HEE-MALESIA-XXL-GRI,HEE-052,Malesia,XXL,GRIGIO TF.,0,inventario
HEE-MALESIA-TU-CIO,HEE-052,Malesia,TU,CIOCO   TF.,0,inventario
HEE-MALESIA-XS-CIO,HEE-052,Malesia,XS,CIOCO   TF.,0,inventario
HEE-MALESIA-S-CIO,HEE-052,Malesia,S,CIOCO   TF.,0,inventario
HEE-MALESIA-M-CIO,HEE-052,Malesia,M,CIOCO   TF.,3,inventario
HEE-MALESIA-L-CIO,HEE-052,Malesia,L,CIOCO   TF.,2,inventario
HEE-MALESIA-XL-CIO,HEE-052,Malesia,XL,CIOCO   TF.,0,inventario
HEE-MALESIA-XXL-CIO,HEE-052,Malesia,XXL,CIOCO   TF.,0,inventario
HEE-MALTA-TU-NER,HEE-053,Malta,TU,NERO,3,inventario
HEE-MALTA-TU-CRE,HEE-053,Malta,TU,CREMA,2,inventario
HEE-MALTA-TU-MOR,HEE-053,Malta,TU,MORO,3,inventario
HEE-MANHATTA-M-NER,HEE-054,Manhattan,M,NERO,1,inventario
HEE-MANHATTA-L-NER,HEE-054,Manhattan,L,NERO,1,inventario
HEE-MANHATTA-M-BIA,HEE-054,Manhattan,M,BIANCO,0,inventario
HEE-MANHATTA-L-BIA,HEE-054,Manhattan,L,BIANCO,1,inventario
HEE-MANHATTA-S-MOR,HEE-054,Manhattan,S,MORO T.F,1,inventario
HEE-MARRAKEC-M-AZZ,HEE-055,Marrakech,M,AZZURRO,2,inventario
HEE-MARRAKEC-L-AZZ,HEE-055,Marrakech,L,AZZURRO,2,inventario
HEE-MARRAKEC-XL-AZZ,HEE-055,Marrakech,XL,AZZURRO,0,inventario
HEE-MARRAKEC-M-NER,HEE-055,Marrakech,M,NERO,2,inventario
HEE-MARRAKEC-L-NER,HEE-055,Marrakech,L,NERO,2,inventario
HEE-MARRAKEC-XL-NER,HEE-055,Marrakech,XL,NERO,2,inventario
HEE-MARRAKEC-M-BIA,HEE-055,Marrakech,M,BIANCO,2,inventario
HEE-MARRAKEC-L-BIA,HEE-055,Marrakech,L,BIANCO,2,inventario
HEE-MARRAKEC-XL-BIA,HEE-055,Marrakech,XL,BIANCO,2,inventario
HEE-MARRAKEC-M-CRE,HEE-055,Marrakech,M,CREMA,2,inventario
HEE-MARRAKEC-L-CRE,HEE-055,Marrakech,L,CREMA,2,inventario
HEE-MARRAKEC-XL-CRE,HEE-055,Marrakech,XL,CREMA,2,inventario
HEE-MESSICO-XS-NER,HEE-056,Messico,XS,NERO,1,inventario
HEE-MESSICO-S-NER,HEE-056,Messico,S,NERO,1,inventario
HEE-MESSICO-M-NER,HEE-056,Messico,M,NERO,1,inventario
HEE-MESSICO-L-NER,HEE-056,Messico,L,NERO,1,inventario
HEE-MESSICO-XS-BIA,HEE-056,Messico,XS,BIANCO,1,inventario
HEE-MESSICO-S-BIA,HEE-056,Messico,S,BIANCO,1,inventario
HEE-MESSICO-M-BIA,HEE-056,Messico,M,BIANCO,1,inventario
HEE-MESSICO-L-BIA,HEE-056,Messico,L,BIANCO,2,inventario
HEE-MESSICO-XS-AZZ,HEE-056,Messico,XS,AZZURRO,1,inventario
HEE-MESSICO-S-AZZ,HEE-056,Messico,S,AZZURRO,1,inventario
HEE-MESSICO-M-AZZ,HEE-056,Messico,M,AZZURRO,1,inventario
HEE-MESSICO-L-AZZ,HEE-056,Messico,L,AZZURRO,1,inventario
HEE-MESSICO-XS-CRE,HEE-056,Messico,XS,CREMA,1,inventario
HEE-MESSICO-S-CRE,HEE-056,Messico,S,CREMA,1,inventario
HEE-MESSICO-M-CRE,HEE-056,Messico,M,CREMA,1,inventario
HEE-MESSICO-L-CRE,HEE-056,Messico,L,CREMA,1,inventario
HEE-MESSICO-XS-COR,HEE-056,Messico,XS,CORDA,1,inventario
HEE-MESSICO-S-COR,HEE-056,Messico,S,CORDA,1,inventario
HEE-MESSICO-M-COR,HEE-056,Messico,M,CORDA,1,inventario
HEE-MESSICO-L-COR,HEE-056,Messico,L,CORDA,1,inventario
HEE-MESSICO-XS-SAL,HEE-056,Messico,XS,SALMONE,1,inventario
HEE-MESSICO-S-SAL,HEE-056,Messico,S,SALMONE,1,inventario
HEE-MESSICO-M-SAL,HEE-056,Messico,M,SALMONE,1,inventario
HEE-MESSICO-L-SAL,HEE-056,Messico,L,SALMONE,1,inventario
HEE-MIAMI-S-NER,HEE-057,Miami,S,NERO,1,inventario
HEE-MIAMI-M-NER,HEE-057,Miami,M,NERO,1,inventario
HEE-MIAMI-L-NER,HEE-057,Miami,L,NERO,2,inventario
HEE-MIAMI-S-COR,HEE-057,Miami,S,CORDA,1,inventario
HEE-MIAMI-M-COR,HEE-057,Miami,M,CORDA,2,inventario
HEE-MIAMI-L-COR,HEE-057,Miami,L,CORDA,2,inventario
HEE-MIAMI-S-CRE,HEE-057,Miami,S,CREMA,3,inventario
HEE-MIAMI-M-CRE,HEE-057,Miami,M,CREMA,2,inventario
HEE-MIAMI-L-CRE,HEE-057,Miami,L,CREMA,3,inventario
HEE-MINORCA-S-NER,HEE-058,Minorca,S,NERO,1,inventario
HEE-MINORCA-M-NER,HEE-058,Minorca,M,NERO,1,inventario
HEE-MINORCA-L-NER,HEE-058,Minorca,L,NERO,0,inventario
HEE-MINORCA-XL-NER,HEE-058,Minorca,XL,NERO,0,inventario
HEE-MINORCA-XXL-NER,HEE-058,Minorca,XXL,NERO,0,inventario
HEE-MINORCA-S-CRE,HEE-058,Minorca,S,CREMA,3,inventario
HEE-MINORCA-M-CRE,HEE-058,Minorca,M,CREMA,0,inventario
HEE-MINORCA-L-CRE,HEE-058,Minorca,L,CREMA,0,inventario
HEE-MINORCA-XL-CRE,HEE-058,Minorca,XL,CREMA,0,inventario
HEE-MINORCA-XXL-CRE,HEE-058,Minorca,XXL,CREMA,0,inventario
HEE-MONTECAR-M-NER,HEE-059,Montecarlo,M,NERO,1,inventario
HEE-MONTECAR-L-NER,HEE-059,Montecarlo,L,NERO,3,inventario
HEE-MONTECAR-XL-NER,HEE-059,Montecarlo,XL,NERO,3,inventario
HEE-MONTECAR-M-CAM,HEE-059,Montecarlo,M,CAMMELLO,2,inventario
HEE-MONTECAR-L-CAM,HEE-059,Montecarlo,L,CAMMELLO,0,inventario
HEE-MONTECAR-XL-CAM,HEE-059,Montecarlo,XL,CAMMELLO,2,inventario
HEE-MUMBAI-S-MUL,HEE-061,Mumbai,S,MULTICOLOR,2,inventario
HEE-MUMBAI-M-MUL,HEE-061,Mumbai,M,MULTICOLOR,2,inventario
HEE-MUMBAI-L-MUL,HEE-061,Mumbai,L,MULTICOLOR,2,inventario
HEE-MYKONOS-M-NER,HEE-062,Mykonos,M,NERO,1,inventario
HEE-MYKONOS-L-NER,HEE-062,Mykonos,L,NERO,1,inventario
HEE-MYKONOS-XL-NER,HEE-062,Mykonos,XL,NERO,1,inventario
HEE-MYKONOS-M-COR,HEE-062,Mykonos,M,CORDA,2,inventario
HEE-MYKONOS-L-COR,HEE-062,Mykonos,L,CORDA,3,inventario
HEE-MYKONOS-XL-COR,HEE-062,Mykonos,XL,CORDA,2,inventario
HEE-MYKONOS-M-CRE,HEE-062,Mykonos,M,CREMA,1,inventario
HEE-MYKONOS-L-CRE,HEE-062,Mykonos,L,CREMA,3,inventario
HEE-MYKONOS-XL-CRE,HEE-062,Mykonos,XL,CREMA,0,inventario
HEE-NAIROBI-TU-CRE,HEE-063,Nairobi,TU,CREMA,0,inventario
HEE-NAIROBI-XS-CRE,HEE-063,Nairobi,XS,CREMA,0,inventario
HEE-NAIROBI-S-CRE,HEE-063,Nairobi,S,CREMA,0,inventario
HEE-NAIROBI-M-CRE,HEE-063,Nairobi,M,CREMA,0,inventario
HEE-NAIROBI-L-CRE,HEE-063,Nairobi,L,CREMA,0,inventario
HEE-NAIROBI-XL-CRE,HEE-063,Nairobi,XL,CREMA,5,inventario
HEE-NAIROBI-XXL-CRE,HEE-063,Nairobi,XXL,CREMA,0,inventario
HEE-NEVADA-TU-VER,HEE-064,Nevada,TU,VERDE,0,inventario
HEE-NEVADA-XS-VER,HEE-064,Nevada,XS,VERDE,0,inventario
HEE-NEVADA-S-VER,HEE-064,Nevada,S,VERDE,0,inventario
HEE-NEVADA-M-VER,HEE-064,Nevada,M,VERDE,4,inventario
HEE-NEVADA-L-VER,HEE-064,Nevada,L,VERDE,0,inventario
HEE-NEVADA-XL-VER,HEE-064,Nevada,XL,VERDE,0,inventario
HEE-NEVADA-XXL-VER,HEE-064,Nevada,XXL,VERDE,0,inventario
HEE-NEWYORK-S-NER,HEE-065,New York,S,NERO,1,inventario
HEE-NEWYORK-M-NER,HEE-065,New York,M,NERO,1,inventario
HEE-NEWYORK-L-NER,HEE-065,New York,L,NERO,1,inventario
HEE-NEWYORK-S-CIO,HEE-065,New York,S,CIOCCOLATO,2,inventario
HEE-NEWYORK-M-CIO,HEE-065,New York,M,CIOCCOLATO,3,inventario
HEE-NEWYORK-L-CIO,HEE-065,New York,L,CIOCCOLATO,1,inventario
HEE-NEWYORK-S-VER,HEE-065,New York,S,VERDE,2,inventario
HEE-NEWYORK-M-VER,HEE-065,New York,M,VERDE,3,inventario
HEE-NEWYORK-L-VER,HEE-065,New York,L,VERDE,1,inventario
HEE-NEWYORK-S-PIO,HEE-065,New York,S,PIOMBO,2,inventario
HEE-NEWYORK-M-PIO,HEE-065,New York,M,PIOMBO,2,inventario
HEE-NEWYORK-L-PIO,HEE-065,New York,L,PIOMBO,0,inventario
HEE-NIZZA-M-NER,HEE-066,Nizza,M,NERO,2,inventario
HEE-NIZZA-L-NER,HEE-066,Nizza,L,NERO,1,inventario
HEE-NIZZA-XL-NER,HEE-066,Nizza,XL,NERO,3,inventario
HEE-NIZZA-M-BIA,HEE-066,Nizza,M,BIANCO,1,inventario
HEE-NIZZA-L-BIA,HEE-066,Nizza,L,BIANCO,1,inventario
HEE-NIZZA-XL-BIA,HEE-066,Nizza,XL,BIANCO,1,inventario
HEE-NIZZA-M-CAM,HEE-066,Nizza,M,CAMMELLO,3,inventario
HEE-NIZZA-L-CAM,HEE-066,Nizza,L,CAMMELLO,3,inventario
HEE-NIZZA-XL-CAM,HEE-066,Nizza,XL,CAMMELLO,2,inventario
HEE-NIZZA-M-PIO,HEE-066,Nizza,M,PIOMBO,2,inventario
HEE-NIZZA-L-PIO,HEE-066,Nizza,L,PIOMBO,3,inventario
HEE-NIZZA-XL-PIO,HEE-066,Nizza,XL,PIOMBO,2,inventario
HEE-NORVEGIA-M-NER,HEE-067,Norvegia,M,NERO,4,inventario
HEE-OSAKA-XS-AZZ,HEE-068,Osaka,XS,AZZURRO,1,inventario
HEE-OSAKA-S-AZZ,HEE-068,Osaka,S,AZZURRO,1,inventario
HEE-OSAKA-M-AZZ,HEE-068,Osaka,M,AZZURRO,2,inventario
HEE-OSAKA-XS-BIA,HEE-068,Osaka,XS,BIANCO,2,inventario
HEE-OSAKA-S-BIA,HEE-068,Osaka,S,BIANCO,1,inventario
HEE-OSAKA-M-BIA,HEE-068,Osaka,M,BIANCO,2,inventario
HEE-OSAKA-L-BIA,HEE-068,Osaka,L,BIANCO,0,inventario
HEE-OSAKA-XS-NER,HEE-068,Osaka,XS,NERO,1,inventario
HEE-OSAKA-S-NER,HEE-068,Osaka,S,NERO,1,inventario
HEE-OSAKA-M-NER,HEE-068,Osaka,M,NERO,1,inventario
HEE-OSAKA-L-NER,HEE-068,Osaka,L,NERO,2,inventario
HEE-OSLO-XS-GRI,HEE-069,Oslo,XS,GRIGIO,0,inventario
HEE-OSLO-S-GRI,HEE-069,Oslo,S,GRIGIO,0,inventario
HEE-OSLO-M-GRI,HEE-069,Oslo,M,GRIGIO,2,inventario
HEE-OSLO-L-GRI,HEE-069,Oslo,L,GRIGIO,1,inventario
HEE-OSLO-TU-GRI,HEE-069,Oslo,TU,GRIGIO,0,inventario
HEE-OSLO-XL-GRI,HEE-069,Oslo,XL,GRIGIO,0,inventario
HEE-OSLO-XXL-GRI,HEE-069,Oslo,XXL,GRIGIO,0,inventario
HEE-OSLO-XS-CRE,HEE-069,Oslo,XS,CREMA,0,inventario
HEE-OSLO-S-CRE,HEE-069,Oslo,S,CREMA,0,inventario
HEE-OSLO-M-CRE,HEE-069,Oslo,M,CREMA,3,inventario
HEE-OSLO-L-CRE,HEE-069,Oslo,L,CREMA,0,inventario
HEE-OSLO-XS-NER,HEE-069,Oslo,XS,NERO,0,inventario
HEE-OSLO-S-NER,HEE-069,Oslo,S,NERO,0,inventario
HEE-OSLO-M-NER,HEE-069,Oslo,M,NERO,5,inventario
HEE-OSLO-L-NER,HEE-069,Oslo,L,NERO,0,inventario
HEE-OSLO-XS-NEG,HEE-069,Oslo,XS,NERO/GRIGIO,0,inventario
HEE-OSLO-S-NEG,HEE-069,Oslo,S,NERO/GRIGIO,3,inventario
HEE-OSLO-M-NEG,HEE-069,Oslo,M,NERO/GRIGIO,5,inventario
HEE-OSLO-L-NEG,HEE-069,Oslo,L,NERO/GRIGIO,0,inventario
HEE-OSLO-TU-NEG,HEE-069,Oslo,TU,NERO/GRIGIO,0,inventario
HEE-OSLO-XL-NEG,HEE-069,Oslo,XL,NERO/GRIGIO,0,inventario
HEE-OSLO-XXL-NEG,HEE-069,Oslo,XXL,NERO/GRIGIO,0,inventario
HEE-OSLO-XS-ROS,HEE-069,Oslo,XS,ROSA/VERDE,0,inventario
HEE-OSLO-S-ROS,HEE-069,Oslo,S,ROSA/VERDE,0,inventario
HEE-OSLO-M-ROS,HEE-069,Oslo,M,ROSA/VERDE,5,inventario
HEE-OSLO-L-ROS,HEE-069,Oslo,L,ROSA/VERDE,2,inventario
HEE-OSLO-TU-ROS,HEE-069,Oslo,TU,ROSA/VERDE,0,inventario
HEE-OSLO-XL-ROS,HEE-069,Oslo,XL,ROSA/VERDE,0,inventario
HEE-OSLO-XXL-ROS,HEE-069,Oslo,XXL,ROSA/VERDE,0,inventario
HEE-OXFORD-S-NER,HEE-070,Oxford,S,NERO,1,inventario
HEE-OXFORD-L-NER,HEE-070,Oxford,L,NERO,1,inventario
HEE-OXFORD-S-PIO,HEE-070,Oxford,S,PIOMBO,3,inventario
HEE-OXFORD-L-PIO,HEE-070,Oxford,L,PIOMBO,2,inventario
HEE-OXFORD-S-CRE,HEE-070,Oxford,S,CREMA,1,inventario
HEE-OXFORD-L-CRE,HEE-070,Oxford,L,CREMA,4,inventario
HEE-PALERMO-S-CRE,HEE-071,Palermo,S,CREMA,3,inventario
HEE-PALERMO-M-CRE,HEE-071,Palermo,M,CREMA,5,inventario
HEE-PALERMO-L-CRE,HEE-071,Palermo,L,CREMA,1,inventario
HEE-PALERMO-S-SAL,HEE-071,Palermo,S,SALMONE,2,inventario
HEE-PALERMO-M-SAL,HEE-071,Palermo,M,SALMONE,4,inventario
HEE-PALERMO-L-SAL,HEE-071,Palermo,L,SALMONE,2,inventario
HEE-PALERMO-S-AZZ,HEE-071,Palermo,S,AZZURRO,2,inventario
HEE-PALERMO-M-AZZ,HEE-071,Palermo,M,AZZURRO,3,inventario
HEE-PALERMO-L-AZZ,HEE-071,Palermo,L,AZZURRO,2,inventario
HEE-PALERMO-S-NER,HEE-071,Palermo,S,NERO,2,inventario
HEE-PALERMO-M-NER,HEE-071,Palermo,M,NERO,5,inventario
HEE-PALERMO-L-NER,HEE-071,Palermo,L,NERO,3,inventario
HEE-PALERMO-S-COR,HEE-071,Palermo,S,CORDA,0,inventario
HEE-PALERMO-M-COR,HEE-071,Palermo,M,CORDA,1,inventario
HEE-PALERMO-L-COR,HEE-071,Palermo,L,CORDA,0,inventario
HEE-PARIGI-XS-NER,HEE-072,Parigi,XS,NERO,2,inventario
HEE-PARIGI-S-NER,HEE-072,Parigi,S,NERO,2,inventario
HEE-PARIGI-M-NER,HEE-072,Parigi,M,NERO,1,inventario
HEE-PARIGI-XS-BIA,HEE-072,Parigi,XS,BIANCO,1,inventario
HEE-PARIGI-S-BIA,HEE-072,Parigi,S,BIANCO,2,inventario
HEE-PARIGI-M-BIA,HEE-072,Parigi,M,BIANCO,2,inventario
HEE-PECHINO-S-COR,HEE-073,Pechino,S,CORDA,1,inventario
HEE-PECHINO-M-COR,HEE-073,Pechino,M,CORDA,1,inventario
HEE-PECHINO-L-COR,HEE-073,Pechino,L,CORDA,1,inventario
HEE-PECHINO-XL-COR,HEE-073,Pechino,XL,CORDA,1,inventario
HEE-PECHINO-S-CRE,HEE-073,Pechino,S,CREMA,0,inventario
HEE-PECHINO-M-CRE,HEE-073,Pechino,M,CREMA,2,inventario
HEE-PECHINO-L-CRE,HEE-073,Pechino,L,CREMA,1,inventario
HEE-PECHINO-XL-CRE,HEE-073,Pechino,XL,CREMA,1,inventario
HEE-PECHINO-S-NER,HEE-073,Pechino,S,NERO,2,inventario
HEE-PECHINO-M-NER,HEE-073,Pechino,M,NERO,2,inventario
HEE-PECHINO-L-NER,HEE-073,Pechino,L,NERO,2,inventario
HEE-PECHINO-XL-NER,HEE-073,Pechino,XL,NERO,2,inventario
HEE-POSITANO-XS-NER,HEE-074,Positano,XS,NERO,1,inventario
HEE-POSITANO-S-NER,HEE-074,Positano,S,NERO,1,inventario
HEE-POSITANO-M-CRE,HEE-074,Positano,M,CREMA,1,inventario
HEE-PRAGA-TU-NER,HEE-075,Praga,TU,NERO,2,inventario
HEE-PRAGA-TU-BIA,HEE-075,Praga,TU,BIANCO,4,inventario
HEE-PRAGA-TU-PIO,HEE-075,Praga,TU,PIOMBO,1,inventario
HEE-PRAGA-TU-CAM,HEE-075,Praga,TU,CAMMELLO,4,inventario
HEE-RIO-TU-NER,HEE-076,Rio,TU,NERO,2,inventario
HEE-RIO-TU-CRE,HEE-076,Rio,TU,CREMA,3,inventario
HEE-RIO-TU-CIO,HEE-076,Rio,TU,CIOCCOLATO,4,inventario
HEE-ROMA-M-AZZ,HEE-077,Roma,M,AZZURRO,3,inventario
HEE-ROMA-L-AZZ,HEE-077,Roma,L,AZZURRO,4,inventario
HEE-ROMA-XL-AZZ,HEE-077,Roma,XL,AZZURRO,4,inventario
HEE-ROMA-M-NER,HEE-077,Roma,M,NERO,2,inventario
HEE-ROMA-L-NER,HEE-077,Roma,L,NERO,4,inventario
HEE-ROMA-XL-NER,HEE-077,Roma,XL,NERO,3,inventario
HEE-ROMA-M-SAL,HEE-077,Roma,M,SALMONE,2,inventario
HEE-ROMA-L-SAL,HEE-077,Roma,L,SALMONE,2,inventario
HEE-ROMA-XL-SAL,HEE-077,Roma,XL,SALMONE,2,inventario
HEE-ROMA-M-CRE,HEE-077,Roma,M,CREMA,0,inventario
HEE-ROMA-L-CRE,HEE-077,Roma,L,CREMA,0,inventario
HEE-ROMA-XL-CRE,HEE-077,Roma,XL,CREMA,0,inventario
HEE-ROMA-M-COR,HEE-077,Roma,M,CORDA,0,inventario
HEE-ROMA-L-COR,HEE-077,Roma,L,CORDA,2,inventario
HEE-ROMA-XL-COR,HEE-077,Roma,XL,CORDA,2,inventario
HEE-ROMA-M-BIA,HEE-077,Roma,M,BIANCO,0,inventario
HEE-ROMA-L-BIA,HEE-077,Roma,L,BIANCO,0,inventario
HEE-ROMA-XL-BIA,HEE-077,Roma,XL,BIANCO,1,inventario
HEE-SAL-S-NER,HEE-078,Sal,S,NERO,2,inventario
HEE-SAL-M-NER,HEE-078,Sal,M,NERO,3,inventario
HEE-SAL-L-NER,HEE-078,Sal,L,NERO,1,inventario
HEE-SAL-S-PIO,HEE-078,Sal,S,PIOMBO,3,inventario
HEE-SAL-M-PIO,HEE-078,Sal,M,PIOMBO,3,inventario
HEE-SAL-L-PIO,HEE-078,Sal,L,PIOMBO,1,inventario
HEE-SAL-S-CIO,HEE-078,Sal,S,CIOCCOLATO,1,inventario
HEE-SAL-M-CIO,HEE-078,Sal,M,CIOCCOLATO,3,inventario
HEE-SAL-L-CIO,HEE-078,Sal,L,CIOCCOLATO,1,inventario
HEE-SANDIEGO-S-BIA,HEE-079,San Diego,S,BIANCO,2,inventario
HEE-SANDIEGO-L-BIA,HEE-079,San Diego,L,BIANCO,3,inventario
HEE-SANDIEGO-S-NER,HEE-079,San Diego,S,NERO,2,inventario
HEE-SANDIEGO-L-NER,HEE-079,San Diego,L,NERO,4,inventario
HEE-SANDIEGO-S-CAM,HEE-079,San Diego,S,CAMMELLO,3,inventario
HEE-SANDIEGO-L-CAM,HEE-079,San Diego,L,CAMMELLO,5,inventario
HEE-SANDIEGO-S-GRI,HEE-079,San Diego,S,GRIGIO C.,1,inventario
HEE-SANDIEGO-L-GRI,HEE-079,San Diego,L,GRIGIO C.,2,inventario
HEE-SANDIEGO-S-MOR,HEE-079,San Diego,S,MORO,2,inventario
HEE-SANDIEGO-L-MOR,HEE-079,San Diego,L,MORO,3,inventario
HEE-SANFRANC-S-NER,HEE-080,San Francisco,S,NERO,5,inventario
HEE-SANFRANC-M-NER,HEE-080,San Francisco,M,NERO,2,inventario
HEE-SANFRANC-L-NER,HEE-080,San Francisco,L,NERO,4,inventario
HEE-SANFRANC-S-BIA,HEE-080,San Francisco,S,BIANCO,5,inventario
HEE-SANFRANC-M-BIA,HEE-080,San Francisco,M,BIANCO,4,inventario
HEE-SANFRANC-L-BIA,HEE-080,San Francisco,L,BIANCO,3,inventario
HEE-SANFRANC-S-CAM,HEE-080,San Francisco,S,CAMMELLO,5,inventario
HEE-SANFRANC-M-CAM,HEE-080,San Francisco,M,CAMMELLO,4,inventario
HEE-SANFRANC-L-CAM,HEE-080,San Francisco,L,CAMMELLO,5,inventario
HEE-SANFRANC-S-GRI,HEE-080,San Francisco,S,GRIGIO C.,2,inventario
HEE-SANFRANC-M-GRI,HEE-080,San Francisco,M,GRIGIO C.,1,inventario
HEE-SANFRANC-L-GRI,HEE-080,San Francisco,L,GRIGIO C.,4,inventario
HEE-SANFRANC-S-MOR,HEE-080,San Francisco,S,MORO,4,inventario
HEE-SANFRANC-M-MOR,HEE-080,San Francisco,M,MORO,2,inventario
HEE-SANFRANC-L-MOR,HEE-080,San Francisco,L,MORO,2,inventario
HEE-SIBERIA-M-NER,HEE-081,Siberia,M,NERO,4,inventario
HEE-SINGAPOR-S-NER,HEE-082,Singapore,S,NERO,1,inventario
HEE-SINGAPOR-S-CRE,HEE-082,Singapore,S,CREMA,1,inventario
HEE-SINGAPOR-M-CRE,HEE-082,Singapore,M,CREMA,1,inventario
HEE-SIVIGLIA-M-NER,HEE-083,Siviglia,M,NERO,2,inventario
HEE-SIVIGLIA-L-NER,HEE-083,Siviglia,L,NERO,1,inventario
HEE-SIVIGLIA-XL-NER,HEE-083,Siviglia,XL,NERO,1,inventario
HEE-SIVIGLIA-M-BIA,HEE-083,Siviglia,M,BIANCO,0,inventario
HEE-SIVIGLIA-L-BIA,HEE-083,Siviglia,L,BIANCO,1,inventario
HEE-SIVIGLIA-XL-BIA,HEE-083,Siviglia,XL,BIANCO,1,inventario
HEE-SIVIGLIA-M-PIO,HEE-083,Siviglia,M,PIOMBO,1,inventario
HEE-SIVIGLIA-L-PIO,HEE-083,Siviglia,L,PIOMBO,0,inventario
HEE-SIVIGLIA-XL-PIO,HEE-083,Siviglia,XL,PIOMBO,1,inventario
HEE-SIVIGLIA-M-CAM,HEE-083,Siviglia,M,CAMMELLO,1,inventario
HEE-SIVIGLIA-L-CAM,HEE-083,Siviglia,L,CAMMELLO,1,inventario
HEE-SIVIGLIA-XL-CAM,HEE-083,Siviglia,XL,CAMMELLO,1,inventario
HEE-SYDNEY-L-BIA,HEE-084,Sydney,L,BIANCO,1,inventario
HEE-SYDNEY-XL-BIA,HEE-084,Sydney,XL,BIANCO,0,inventario
HEE-SYDNEY-L-CAM,HEE-084,Sydney,L,CAMMELLO,1,inventario
HEE-SYDNEY-XL-CAM,HEE-084,Sydney,XL,CAMMELLO,3,inventario
HEE-SYDNEY-L-NER,HEE-084,Sydney,L,NERO,0,inventario
HEE-SYDNEY-XL-NER,HEE-084,Sydney,XL,NERO,3,inventario
HEE-TAORMINA-TU-BIA,HEE-085,Taormina,TU,BIANCO,3,inventario
HEE-TAORMINA-TU-NER,HEE-085,Taormina,TU,NERO,3,inventario
HEE-TAORMINA-TU-CIO,HEE-085,Taormina,TU,CIOCCOLATO,3,inventario
HEE-TENERIFE-M-NER,HEE-086,Tenerife,M,NERO,0,inventario
HEE-TENERIFE-L-NER,HEE-086,Tenerife,L,NERO,2,inventario
HEE-TENERIFE-XL-NER,HEE-086,Tenerife,XL,NERO,1,inventario
HEE-TENERIFE-M-BIA,HEE-086,Tenerife,M,BIANCO,1,inventario
HEE-TENERIFE-L-BIA,HEE-086,Tenerife,L,BIANCO,2,inventario
HEE-TENERIFE-XL-BIA,HEE-086,Tenerife,XL,BIANCO,0,inventario
HEE-TENERIFE-M-AZZ,HEE-086,Tenerife,M,AZZURRO,2,inventario
HEE-TENERIFE-L-AZZ,HEE-086,Tenerife,L,AZZURRO,1,inventario
HEE-TENERIFE-XL-AZZ,HEE-086,Tenerife,XL,AZZURRO,2,inventario
HEE-TENERIFE-M-SAL,HEE-086,Tenerife,M,SALMONE,3,inventario
HEE-TENERIFE-L-SAL,HEE-086,Tenerife,L,SALMONE,1,inventario
HEE-TENERIFE-XL-SAL,HEE-086,Tenerife,XL,SALMONE,2,inventario
HEE-TENERIFE-M-CRE,HEE-086,Tenerife,M,CREMA,1,inventario
HEE-TENERIFE-L-CRE,HEE-086,Tenerife,L,CREMA,0,inventario
HEE-TENERIFE-XL-CRE,HEE-086,Tenerife,XL,CREMA,0,inventario
HEE-TOKYO-M-NER,HEE-087,Tokyo,M,NERO,1,inventario
HEE-TOKYO-XL-NER,HEE-087,Tokyo,XL,NERO,2,inventario
HEE-TOKYO-M-BIA,HEE-087,Tokyo,M,BIANCO,2,inventario
HEE-TOKYO-XL-BIA,HEE-087,Tokyo,XL,BIANCO,4,inventario
HEE-TOKYO-M-CAM,HEE-087,Tokyo,M,CAMMELLO,3,inventario
HEE-TOKYO-XL-CAM,HEE-087,Tokyo,XL,CAMMELLO,2,inventario
HEE-TORONTO-TU-GRI,HEE-088,Toronto,TU,GRIGIO,0,inventario
HEE-TORONTO-XS-GRI,HEE-088,Toronto,XS,GRIGIO,0,inventario
HEE-TORONTO-S-GRI,HEE-088,Toronto,S,GRIGIO,0,inventario
HEE-TORONTO-M-GRI,HEE-088,Toronto,M,GRIGIO,3,inventario
HEE-TORONTO-L-GRI,HEE-088,Toronto,L,GRIGIO,0,inventario
HEE-TORONTO-XL-GRI,HEE-088,Toronto,XL,GRIGIO,0,inventario
HEE-TORONTO-XXL-GRI,HEE-088,Toronto,XXL,GRIGIO,0,inventario
HEE-VENEZIA-M-NER,HEE-089,Venezia,M,Nero,1,inventario giugno 2026 (file OK)
HEE-VERSAILL-S-GRI,HEE-090,Versailles,S,GRIGIO TF.,1,inventario
HEE-VERSAILL-M-GRI,HEE-090,Versailles,M,GRIGIO TF.,1,inventario
HEE-VERSAILL-L-GRI,HEE-090,Versailles,L,GRIGIO TF.,1,inventario
HEE-VERSAILL-XL-GRI,HEE-090,Versailles,XL,GRIGIO TF.,1,inventario
HEE-VERSAILL-S-CIO,HEE-090,Versailles,S,CIOCO   TF.,0,inventario
HEE-VERSAILL-M-CIO,HEE-090,Versailles,M,CIOCO   TF.,0,inventario
HEE-VERSAILL-L-CIO,HEE-090,Versailles,L,CIOCO   TF.,7,inventario
HEE-VERSAILL-XL-CIO,HEE-090,Versailles,XL,CIOCO   TF.,7,inventario
HEE-VIENNA-XS-NER,HEE-091,Vienna,XS,NERO,2,inventario
HEE-VIENNA-M-NER,HEE-091,Vienna,M,NERO,3,inventario
HEE-VIENNA-XS-BIA,HEE-091,Vienna,XS,BIANCO,2,inventario
HEE-VIENNA-M-BIA,HEE-091,Vienna,M,BIANCO,3,inventario
HEE-VIENNA-XS-PIO,HEE-091,Vienna,XS,PIOMBO,3,inventario
HEE-VIENNA-M-PIO,HEE-091,Vienna,M,PIOMBO,0,inventario
HEE-VIENNA-XS-CAM,HEE-091,Vienna,XS,CAMMELLO,3,inventario
HEE-VIENNA-M-CAM,HEE-091,Vienna,M,CAMMELLO,3,inventario
HEE-VIRGINIA-S-NER,HEE-092,Virginia,S,NERO,0,inventario
HEE-VIRGINIA-M-NER,HEE-092,Virginia,M,NERO,0,inventario
HEE-VIRGINIA-L-NER,HEE-092,Virginia,L,NERO,0,inventario
HEE-VIRGINIA-S-PIO,HEE-092,Virginia,S,PIOMBO,3,inventario
HEE-VIRGINIA-M-PIO,HEE-092,Virginia,M,PIOMBO,4,inventario
HEE-VIRGINIA-L-PIO,HEE-092,Virginia,L,PIOMBO,0,inventario
HEE-VIRGINIA-S-CRE,HEE-092,Virginia,S,CREMA,4,inventario
HEE-VIRGINIA-M-CRE,HEE-092,Virginia,M,CREMA,4,inventario
HEE-VIRGINIA-L-CRE,HEE-092,Virginia,L,CREMA,1,inventario
HEE-VIRGINIA-S-CIO,HEE-092,Virginia,S,CIOCCOLATO,4,inventario
HEE-VIRGINIA-M-CIO,HEE-092,Virginia,M,CIOCCOLATO,2,inventario
HEE-VIRGINIA-L-CIO,HEE-092,Virginia,L,CIOCCOLATO,1,inventario
HEE-ZURIGO-TU-GRI,HEE-093,Zurigo,TU,GRIGIO,0,inventario
HEE-ZURIGO-XS-GRI,HEE-093,Zurigo,XS,GRIGIO,0,inventario
HEE-ZURIGO-S-GRI,HEE-093,Zurigo,S,GRIGIO,0,inventario
HEE-ZURIGO-M-GRI,HEE-093,Zurigo,M,GRIGIO,4,inventario
HEE-ZURIGO-L-GRI,HEE-093,Zurigo,L,GRIGIO,0,inventario
HEE-ZURIGO-XL-GRI,HEE-093,Zurigo,XL,GRIGIO,0,inventario
